,code,candleDateTime,candleDateTimeKst,openingPrice,highPrice,lowPrice,tradePrice,candleAccTradeVolume,candleAccTradePrice,timestamp,prevClosingPrice,change,changePrice,signedChangePrice,changeRate,signedChangeRate
0,CRIX.UPBIT.KRW-BTC,2021-01-04T00:00:00+00:00,2021-01-04T09:00:00+09:00,37537000.0,38476000.0,36500000.0,37840000.0,3600.08376367,134923304996.81311,1609736800032,37537000.0,RISE,303000.0,303000.0,0.0080720356,0.0080720356
1,CRIX.UPBIT.KRW-BTC,2021-01-03T00:00:00+00:00,2021-01-03T09:00:00+09:00,35700000.0,39453000.0,35500000.0,37537000.0,25381.50662267,958875074120.6221,1609718399604,35700000.0,RISE,1837000.0,1837000.0,0.0514565826,0.0514565826
2,CRIX.UPBIT.KRW-BTC,2021-01-02T00:00:00+00:00,2021-01-02T09:00:00+09:00,32295000.0,36600000.0,31920000.0,35700000.0,17451.16767774,602335536311.2162,1609631998883,32296000.0,RISE,3404000.0,3404000.0,0.1054000495,0.1054000495
3,CRIX.UPBIT.KRW-BTC,2021-01-01T00:00:00+00:00,2021-01-01T09:00:00+09:00,32037000.0,32599000.0,31800000.0,32296000.0,5752.49421559,185613910085.62503,1609545599888,32042000.0,RISE,254000.0,254000.0,0.0079270957,0.0079270957
4,CRIX.UPBIT.KRW-BTC,2020-12-31T00:00:00+00:00,2020-12-31T09:00:00+09:00,31923000.0,32386000.0,31300000.0,32042000.0,8041.24807411,256765288247.4506,1609459197349,31891000.0,RISE,151000.0,151000.0,0.0047348782,0.0047348782
5,CRIX.UPBIT.KRW-BTC,2020-12-30T00:00:00+00:00,2020-12-30T09:00:00+09:00,30498000.0,31999000.0,30333000.0,31891000.0,10282.82280481,320940853563.8111,1609372797376,30498000.0,RISE,1393000.0,1393000.0,0.0456751262,0.0456751262
6,CRIX.UPBIT.KRW-BTC,2020-12-29T00:00:00+00:00,2020-12-29T09:00:00+09:00,30219000.0,30520000.0,29028000.0,30498000.0,7302.22061609,218091132502.8258,1609286398625,30249000.0,RISE,249000.0,249000.0,0.0082316771,0.0082316771
7,CRIX.UPBIT.KRW-BTC,2020-12-28T00:00:00+00:00,2020-12-28T09:00:00+09:00,29347000.0,30587000.0,29167000.0,30249000.0,8175.15992343,245505778004.4002,1609199999142,29319000.0,RISE,930000.0,930000.0,0.031720045,0.031720045
8,CRIX.UPBIT.KRW-BTC,2020-12-27T00:00:00+00:00,2020-12-27T09:00:00+09:00,29378000.0,31800000.0,28802000.0,29319000.0,19899.62591421,601524151729.3121,1609113598322,29378000.0,FALL,59000.0,-59000.0,0.0020083055,-0.0020083055
9,CRIX.UPBIT.KRW-BTC,2020-12-26T00:00:00+00:00,2020-12-26T09:00:00+09:00,27122000.0,29524000.0,26983000.0,29378000.0,9647.7742254,271145727803.063,1609027200621,27122000.0,RISE,2256000.0,2256000.0,0.0831797065,0.0831797065
10,CRIX.UPBIT.KRW-BTC,2020-12-25T00:00:00+00:00,2020-12-25T09:00:00+09:00,26503000.0,27271000.0,26171000.0,27122000.0,7979.82741205,213500002583.28278,1608940792252,26503000.0,RISE,619000.0,619000.0,0.0233558465,0.0233558465
11,CRIX.UPBIT.KRW-BTC,2020-12-24T00:00:00+00:00,2020-12-24T09:00:00+09:00,26380000.0,26608000.0,25774000.0,26503000.0,6661.23736488,174570316756.61267,1608854398869,26380000.0,RISE,123000.0,123000.0,0.0046626232,0.0046626232
12,CRIX.UPBIT.KRW-BTC,2020-12-23T00:00:00+00:00,2020-12-23T09:00:00+09:00,26776000.0,27070000.0,25600000.0,26380000.0,12398.44760587,328304569556.6462,1608767999745,26776000.0,FALL,396000.0,-396000.0,0.0147893636,-0.0147893636
13,CRIX.UPBIT.KRW-BTC,2020-12-22T00:00:00+00:00,2020-12-22T09:00:00+09:00,25387000.0,26828000.0,24925000.0,26776000.0,7994.07358308,206133222375.10733,1608681598949,25387000.0,RISE,1389000.0,1389000.0,0.0547130421,0.0547130421
14,CRIX.UPBIT.KRW-BTC,2020-12-21T00:00:00+00:00,2020-12-21T09:00:00+09:00,25890000.0,26588000.0,24600000.0,25387000.0,13640.52345922,350219024281.6897,1608595199944,25880000.0,FALL,493000.0,-493000.0,0.019049459,-0.019049459
15,CRIX.UPBIT.KRW-BTC,2020-12-20T00:00:00+00:00,2020-12-20T09:00:00+09:00,26169000.0,26562000.0,25422000.0,25880000.0,6316.48585428,163658128225.0485,1608508800093,26169000.0,FALL,289000.0,-289000.0,0.0110436012,-0.0110436012
16,CRIX.UPBIT.KRW-BTC,2020-12-19T00:00:00+00:00,2020-12-19T09:00:00+09:00,25151000.0,26410000.0,24947000.0,26169000.0,7210.72919997,184847935435.66138,1608422400099,25151000.0,RISE,1018000.0,1018000.0,0.0404755278,0.0404755278
17,CRIX.UPBIT.KRW-BTC,2020-12-18T00:00:00+00:00,2020-12-18T09:00:00+09:00,24737000.0,25247000.0,24360000.0,25151000.0,6288.93892328,156580705559.25696,1608335997266,24743000.0,RISE,408000.0,408000.0,0.0164895122,0.0164895122
18,CRIX.UPBIT.KRW-BTC,2020-12-17T00:00:00+00:00,2020-12-17T09:00:00+09:00,22881000.0,25768000.0,22473000.0,24743000.0,18025.94451036,440082127172.3546,1608249598358,22888000.0,RISE,1855000.0,1855000.0,0.0810468368,0.0810468368
19,CRIX.UPBIT.KRW-BTC,2020-12-16T00:00:00+00:00,2020-12-16T09:00:00+09:00,21103000.0,23033000.0,20900000.0,22888000.0,10828.41456524,237852578745.6528,1608163199327,21103000.0,RISE,1785000.0,1785000.0,0.0845851301,0.0845851301
20,CRIX.UPBIT.KRW-BTC,2020-12-15T00:00:00+00:00,2020-12-15T09:00:00+09:00,20927000.0,21267000.0,20805000.0,21103000.0,3886.60330202,81781907198.0657,1608076799778,20939000.0,RISE,164000.0,164000.0,0.0078322747,0.0078322747
21,CRIX.UPBIT.KRW-BTC,2020-12-14T00:00:00+00:00,2020-12-14T09:00:00+09:00,20786000.0,21000000.0,20610000.0,20939000.0,3105.38941519,64751393567.55739,1607990396464,20793000.0,RISE,146000.0,146000.0,0.0070215938,0.0070215938
22,CRIX.UPBIT.KRW-BTC,2020-12-13T00:00:00+00:00,2020-12-13T09:00:00+09:00,20585000.0,21075000.0,20459000.0,20793000.0,4108.95528161,85593423379.19643,1607904000120,20585000.0,RISE,208000.0,208000.0,0.010104445,0.010104445
23,CRIX.UPBIT.KRW-BTC,2020-12-12T00:00:00+00:00,2020-12-12T09:00:00+09:00,19658000.0,20650000.0,19654000.0,20585000.0,3773.48824847,76030600791.45126,1607817599894,19658000.0,RISE,927000.0,927000.0,0.047156374,0.047156374
24,CRIX.UPBIT.KRW-BTC,2020-12-11T00:00:00+00:00,2020-12-11T09:00:00+09:00,19950000.0,19996000.0,19404000.0,19658000.0,4508.12989508,88716810984.45741,1607731197192,19950000.0,FALL,292000.0,-292000.0,0.0146365915,-0.0146365915
25,CRIX.UPBIT.KRW-BTC,2020-12-10T00:00:00+00:00,2020-12-10T09:00:00+09:00,20252000.0,20275000.0,19647000.0,19950000.0,3151.82648997,62967828692.92066,1607644800107,20267000.0,FALL,317000.0,-317000.0,0.0156411901,-0.0156411901
26,CRIX.UPBIT.KRW-BTC,2020-12-09T00:00:00+00:00,2020-12-09T09:00:00+09:00,20025000.0,20345000.0,19216000.0,20267000.0,5827.20490273,115582281169.10057,1607558396779,20010000.0,RISE,257000.0,257000.0,0.0128435782,0.0128435782
27,CRIX.UPBIT.KRW-BTC,2020-12-08T00:00:00+00:00,2020-12-08T09:00:00+09:00,20834000.0,20931000.0,19942000.0,20010000.0,4532.53738937,93026290555.83319,1607471997751,20834000.0,FALL,824000.0,-824000.0,0.0395507344,-0.0395507344
28,CRIX.UPBIT.KRW-BTC,2020-12-07T00:00:00+00:00,2020-12-07T09:00:00+09:00,20976000.0,21053000.0,20666000.0,20834000.0,3241.98487955,67740825735.42393,1607385600100,20976000.0,FALL,142000.0,-142000.0,0.0067696415,-0.0067696415
29,CRIX.UPBIT.KRW-BTC,2020-12-06T00:00:00+00:00,2020-12-06T09:00:00+09:00,20778000.0,20999000.0,20574000.0,20976000.0,2247.74868124,46777620055.97697,1607299198809,20781000.0,RISE,195000.0,195000.0,0.0093835715,0.0093835715
30,CRIX.UPBIT.KRW-BTC,2020-12-05T00:00:00+00:00,2020-12-05T09:00:00+09:00,20569000.0,20956000.0,20390000.0,20781000.0,2247.52046083,46545830824.89997,1607212787765,20569000.0,RISE,212000.0,212000.0,0.0103067723,0.0103067723
31,CRIX.UPBIT.KRW-BTC,2020-12-04T00:00:00+00:00,2020-12-04T09:00:00+09:00,21183000.0,21266000.0,20428000.0,20569000.0,4243.74247899,88420392541.16098,1607126399990,21179000.0,FALL,610000.0,-610000.0,0.0288021153,-0.0288021153
32,CRIX.UPBIT.KRW-BTC,2020-12-03T00:00:00+00:00,2020-12-03T09:00:00+09:00,21091000.0,21310000.0,20797000.0,21179000.0,4414.07642834,92940270747.30804,1607040000147,21097000.0,RISE,82000.0,82000.0,0.0038868086,0.0038868086
33,CRIX.UPBIT.KRW-BTC,2020-12-02T00:00:00+00:00,2020-12-02T09:00:00+09:00,20867000.0,21315000.0,20346000.0,21097000.0,6264.7470004,130282596642.99802,1606953597475,20867000.0,RISE,230000.0,230000.0,0.0110221881,0.0110221881
34,CRIX.UPBIT.KRW-BTC,2020-12-01T00:00:00+00:00,2020-12-01T09:00:00+09:00,21313000.0,21651000.0,20202000.0,20867000.0,9671.68687865,203657880369.76447,1606867199405,21315000.0,FALL,448000.0,-448000.0,0.0210180624,-0.0210180624
35,CRIX.UPBIT.KRW-BTC,2020-11-30T00:00:00+00:00,2020-11-30T09:00:00+09:00,19990000.0,21368000.0,19971000.0,21315000.0,9685.83045213,200258275155.60483,1606780799969,19991000.0,RISE,1324000.0,1324000.0,0.0662298034,0.0662298034
36,CRIX.UPBIT.KRW-BTC,2020-11-29T00:00:00+00:00,2020-11-29T09:00:00+09:00,19486000.0,20110000.0,19196000.0,19991000.0,4169.39684223,82428018284.31364,1606694392683,19484000.0,RISE,507000.0,507000.0,0.0260213509,0.0260213509
37,CRIX.UPBIT.KRW-BTC,2020-11-28T00:00:00+00:00,2020-11-28T09:00:00+09:00,19129000.0,19556000.0,18858000.0,19484000.0,5060.39091148,97143751648.02975,1606607999245,19129000.0,RISE,355000.0,355000.0,0.01855821,0.01855821
38,CRIX.UPBIT.KRW-BTC,2020-11-27T00:00:00+00:00,2020-11-27T09:00:00+09:00,19226000.0,19654000.0,18500000.0,19129000.0,7568.74614729,143555633279.7904,1606521599980,19225000.0,FALL,96000.0,-96000.0,0.004993498,-0.004993498
39,CRIX.UPBIT.KRW-BTC,2020-11-26T00:00:00+00:00,2020-11-26T09:00:00+09:00,20840000.0,20989000.0,18569000.0,19225000.0,13803.48683498,269354592366.972,1606435199401,20840000.0,FALL,1615000.0,-1615000.0,0.0774952015,-0.0774952015
40,CRIX.UPBIT.KRW-BTC,2020-11-25T00:00:00+00:00,2020-11-25T09:00:00+09:00,20957000.0,21459000.0,20600000.0,20840000.0,8276.71453936,173491019382.23004,1606348799853,20957000.0,FALL,117000.0,-117000.0,0.0055828601,-0.0055828601
41,CRIX.UPBIT.KRW-BTC,2020-11-24T00:00:00+00:00,2020-11-24T09:00:00+09:00,20100000.0,21390000.0,19937000.0,20957000.0,15373.88018285,319379426930.73944,1606262399552,20100000.0,RISE,857000.0,857000.0,0.0426368159,0.0426368159
42,CRIX.UPBIT.KRW-BTC,2020-11-23T00:00:00+00:00,2020-11-23T09:00:00+09:00,20307000.0,20528000.0,19901000.0,20100000.0,5709.9596315,115543451726.93422,1606175999959,20307000.0,FALL,207000.0,-207000.0,0.0101935293,-0.0101935293
43,CRIX.UPBIT.KRW-BTC,2020-11-22T00:00:00+00:00,2020-11-22T09:00:00+09:00,20348000.0,20595000.0,19525000.0,20307000.0,7886.90108585,158315547609.63712,1606089597144,20351000.0,FALL,44000.0,-44000.0,0.0021620559,-0.0021620559
44,CRIX.UPBIT.KRW-BTC,2020-11-21T00:00:00+00:00,2020-11-21T09:00:00+09:00,20627000.0,21025000.0,20200000.0,20351000.0,6136.9331409,126672349508.78004,1606003199916,20627000.0,FALL,276000.0,-276000.0,0.0133805207,-0.0133805207
45,CRIX.UPBIT.KRW-BTC,2020-11-20T00:00:00+00:00,2020-11-20T09:00:00+09:00,19800000.0,20795000.0,19771000.0,20627000.0,6145.38998316,124819498909.01587,1605916797316,19802000.0,RISE,825000.0,825000.0,0.0416624583,0.0416624583
46,CRIX.UPBIT.KRW-BTC,2020-11-19T00:00:00+00:00,2020-11-19T09:00:00+09:00,19714000.0,20080000.0,19385000.0,19802000.0,5978.14259544,118358151162.6491,1605830396313,19714000.0,RISE,88000.0,88000.0,0.0044638328,0.0044638328
47,CRIX.UPBIT.KRW-BTC,2020-11-18T00:00:00+00:00,2020-11-18T09:00:00+09:00,19344000.0,20280000.0,18865000.0,19714000.0,11453.54478504,225797611063.95428,1605743993519,19332000.0,RISE,382000.0,382000.0,0.0197599834,0.0197599834
48,CRIX.UPBIT.KRW-BTC,2020-11-17T00:00:00+00:00,2020-11-17T09:00:00+09:00,18275000.0,19417000.0,18207000.0,19332000.0,6075.98259617,113734368641.08484,1605657595639,18275000.0,RISE,1057000.0,1057000.0,0.0578385773,0.0578385773
49,CRIX.UPBIT.KRW-BTC,2020-11-16T00:00:00+00:00,2020-11-16T09:00:00+09:00,17670000.0,18450000.0,17555000.0,18275000.0,4191.31590965,75525657705.52017,1605571198084,17670000.0,RISE,605000.0,605000.0,0.0342388229,0.0342388229
50,CRIX.UPBIT.KRW-BTC,2020-11-15T00:00:00+00:00,2020-11-15T09:00:00+09:00,17796000.0,17831000.0,17545000.0,17670000.0,1842.97832877,32614011526.12462,1605484800015,17796000.0,FALL,126000.0,-126000.0,0.0070802428,-0.0070802428
51,CRIX.UPBIT.KRW-BTC,2020-11-14T00:00:00+00:00,2020-11-14T09:00:00+09:00,17988000.0,18000000.0,17455000.0,17796000.0,2786.76875718,49270818684.79876,1605398397746,17988000.0,FALL,192000.0,-192000.0,0.0106737825,-0.0106737825
52,CRIX.UPBIT.KRW-BTC,2020-11-13T00:00:00+00:00,2020-11-13T09:00:00+09:00,17952000.0,18225000.0,17640000.0,17988000.0,4395.69660087,79121871826.65977,1605311997549,17954000.0,RISE,34000.0,34000.0,0.0018937284,0.0018937284
53,CRIX.UPBIT.KRW-BTC,2020-11-12T00:00:00+00:00,2020-11-12T09:00:00+09:00,17439000.0,17979000.0,17200000.0,17954000.0,5384.62747384,94788178120.64919,1605225599247,17439000.0,RISE,515000.0,515000.0,0.0295315098,0.0295315098
54,CRIX.UPBIT.KRW-BTC,2020-11-11T00:00:00+00:00,2020-11-11T09:00:00+09:00,17035000.0,17600000.0,17009000.0,17439000.0,3969.12107234,68527517495.23057,1605139199639,17035000.0,RISE,404000.0,404000.0,0.0237158791,0.0237158791
55,CRIX.UPBIT.KRW-BTC,2020-11-10T00:00:00+00:00,2020-11-10T09:00:00+09:00,17106000.0,17190000.0,16872000.0,17035000.0,2656.01996837,45280472573.94203,1605052799595,17106000.0,FALL,71000.0,-71000.0,0.0041505904,-0.0041505904
56,CRIX.UPBIT.KRW-BTC,2020-11-09T00:00:00+00:00,2020-11-09T09:00:00+09:00,17276000.0,17550000.0,16695000.0,17106000.0,5112.23251786,87553016404.25432,1604966399437,17297000.0,FALL,191000.0,-191000.0,0.0110423773,-0.0110423773
57,CRIX.UPBIT.KRW-BTC,2020-11-08T00:00:00+00:00,2020-11-08T09:00:00+09:00,16650000.0,17388000.0,16520000.0,17297000.0,3402.96894151,57830395158.19685,1604879998000,16647000.0,RISE,650000.0,650000.0,0.0390460744,0.0390460744
58,CRIX.UPBIT.KRW-BTC,2020-11-07T00:00:00+00:00,2020-11-07T09:00:00+09:00,17397000.0,17613000.0,16252000.0,16647000.0,5131.6042485,87428894446.45905,1604793596569,17397000.0,FALL,750000.0,-750000.0,0.0431108812,-0.0431108812
59,CRIX.UPBIT.KRW-BTC,2020-11-06T00:00:00+00:00,2020-11-06T09:00:00+09:00,17352000.0,17789000.0,17060000.0,17397000.0,7786.57496665,135754882068.23746,1604707197354,17352000.0,RISE,45000.0,45000.0,0.002593361,0.002593361
60,CRIX.UPBIT.KRW-BTC,2020-11-05T00:00:00+00:00,2020-11-05T09:00:00+09:00,15959000.0,17540000.0,15900000.0,17352000.0,9583.12761365,159571298663.6492,1604620799688,15959000.0,RISE,1393000.0,1393000.0,0.0872861708,0.0872861708
61,CRIX.UPBIT.KRW-BTC,2020-11-04T00:00:00+00:00,2020-11-04T09:00:00+09:00,15881000.0,16020000.0,15431000.0,15959000.0,4673.77532383,73601397517.4738,1604534398649,15881000.0,RISE,78000.0,78000.0,0.0049115295,0.0049115295
62,CRIX.UPBIT.KRW-BTC,2020-11-03T00:00:00+00:00,2020-11-03T09:00:00+09:00,15396000.0,15900000.0,15150000.0,15881000.0,3888.00412551,60156003001.22734,1604448000066,15397000.0,RISE,484000.0,484000.0,0.0314346951,0.0314346951
63,CRIX.UPBIT.KRW-BTC,2020-11-02T00:00:00+00:00,2020-11-02T09:00:00+09:00,15574000.0,15641000.0,15011000.0,15397000.0,3643.76554264,55967421350.63518,1604361598907,15574000.0,FALL,177000.0,-177000.0,0.0113650957,-0.0113650957
64,CRIX.UPBIT.KRW-BTC,2020-11-01T00:00:00+00:00,2020-11-01T09:00:00+09:00,15606000.0,15710000.0,15461000.0,15574000.0,1806.62122615,28140915522.60095,1604275199414,15606000.0,FALL,32000.0,-32000.0,0.0020504934,-0.0020504934
65,CRIX.UPBIT.KRW-BTC,2020-10-31T00:00:00+00:00,2020-10-31T09:00:00+09:00,15340000.0,15800000.0,15205000.0,15606000.0,4066.29244901,63229851057.68679,1604188798238,15340000.0,RISE,266000.0,266000.0,0.0173402868,0.0173402868
66,CRIX.UPBIT.KRW-BTC,2020-10-30T00:00:00+00:00,2020-10-30T09:00:00+09:00,15207000.0,15460000.0,14899000.0,15340000.0,3753.48812746,56891439161.84115,1604102392696,15207000.0,RISE,133000.0,133000.0,0.0087459722,0.0087459722
67,CRIX.UPBIT.KRW-BTC,2020-10-29T00:00:00+00:00,2020-10-29T09:00:00+09:00,15060000.0,15379000.0,14703000.0,15207000.0,3516.50474491,52840743145.17352,1604015999883,15060000.0,RISE,147000.0,147000.0,0.0097609562,0.0097609562
68,CRIX.UPBIT.KRW-BTC,2020-10-28T00:00:00+00:00,2020-10-28T09:00:00+09:00,15300000.0,15557000.0,14635000.0,15060000.0,5752.66984652,87155753224.67662,1603929596762,15312000.0,FALL,252000.0,-252000.0,0.0164576803,-0.0164576803
69,CRIX.UPBIT.KRW-BTC,2020-10-27T00:00:00+00:00,2020-10-27T09:00:00+09:00,14772000.0,15457000.0,14683000.0,15312000.0,3964.12531994,59577301257.64167,1603843196300,14764000.0,RISE,548000.0,548000.0,0.0371173124,0.0371173124
70,CRIX.UPBIT.KRW-BTC,2020-10-26T00:00:00+00:00,2020-10-26T09:00:00+09:00,14687000.0,14920000.0,14358000.0,14764000.0,3031.75880427,44615941981.38006,1603756795866,14690000.0,RISE,74000.0,74000.0,0.0050374404,0.0050374404
71,CRIX.UPBIT.KRW-BTC,2020-10-25T00:00:00+00:00,2020-10-25T09:00:00+09:00,14760000.0,15000000.0,14556000.0,14690000.0,2314.36946658,34126819042.74478,1603670398631,14760000.0,FALL,70000.0,-70000.0,0.0047425474,-0.0047425474
72,CRIX.UPBIT.KRW-BTC,2020-10-24T00:00:00+00:00,2020-10-24T09:00:00+09:00,14579000.0,14800000.0,14514000.0,14760000.0,1868.37910888,27394992009.06993,1603583998841,14584000.0,RISE,176000.0,176000.0,0.0120680197,0.0120680197
73,CRIX.UPBIT.KRW-BTC,2020-10-23T00:00:00+00:00,2020-10-23T09:00:00+09:00,14558000.0,14623000.0,14340000.0,14584000.0,2925.46548654,42479103231.98717,1603497586307,14558000.0,RISE,26000.0,26000.0,0.0017859596,0.0017859596
74,CRIX.UPBIT.KRW-BTC,2020-10-22T00:00:00+00:00,2020-10-22T09:00:00+09:00,14420000.0,14769000.0,14320000.0,14558000.0,4262.74670726,61887193783.83324,1603411192137,14423000.0,RISE,135000.0,135000.0,0.0093600499,0.0093600499
75,CRIX.UPBIT.KRW-BTC,2020-10-21T00:00:00+00:00,2020-10-21T09:00:00+09:00,13645000.0,14812000.0,13615000.0,14423000.0,6403.53223854,90515014083.93057,1603324799301,13646000.0,RISE,777000.0,777000.0,0.0569397626,0.0569397626
76,CRIX.UPBIT.KRW-BTC,2020-10-20T00:00:00+00:00,2020-10-20T09:00:00+09:00,13420000.0,13746000.0,13339000.0,13646000.0,3296.40571857,44585873153.38422,1603238399336,13415000.0,RISE,231000.0,231000.0,0.0172195304,0.0172195304
77,CRIX.UPBIT.KRW-BTC,2020-10-19T00:00:00+00:00,2020-10-19T09:00:00+09:00,13207000.0,13480000.0,13095000.0,13415000.0,2364.3907116,31330928714.58417,1603151996010,13207000.0,RISE,208000.0,208000.0,0.0157492239,0.0157492239
78,CRIX.UPBIT.KRW-BTC,2020-10-18T00:00:00+00:00,2020-10-18T09:00:00+09:00,13078000.0,13208000.0,13050000.0,13207000.0,1089.07241064,14296380358.93317,1603065595974,13078000.0,RISE,129000.0,129000.0,0.0098638936,0.0098638936
79,CRIX.UPBIT.KRW-BTC,2020-10-17T00:00:00+00:00,2020-10-17T09:00:00+09:00,13054000.0,13097000.0,12970000.0,13078000.0,1046.28496844,13649081271.80747,1602979193044,13054000.0,RISE,24000.0,24000.0,0.0018385169,0.0018385169
80,CRIX.UPBIT.KRW-BTC,2020-10-16T00:00:00+00:00,2020-10-16T09:00:00+09:00,13230000.0,13275000.0,12893000.0,13054000.0,3130.6739236,40793097708.95239,1602892797904,13226000.0,FALL,172000.0,-172000.0,0.0130046877,-0.0130046877
81,CRIX.UPBIT.KRW-BTC,2020-10-15T00:00:00+00:00,2020-10-15T09:00:00+09:00,13150000.0,13300000.0,12993000.0,13226000.0,2393.89692128,31357389741.0706,1602806397045,13150000.0,RISE,76000.0,76000.0,0.0057794677,0.0057794677
82,CRIX.UPBIT.KRW-BTC,2020-10-14T00:00:00+00:00,2020-10-14T09:00:00+09:00,13134000.0,13278000.0,13040000.0,13150000.0,2472.02732154,32441374330.52814,1602719997115,13134000.0,RISE,16000.0,16000.0,0.0012182123,0.0012182123
83,CRIX.UPBIT.KRW-BTC,2020-10-13T00:00:00+00:00,2020-10-13T09:00:00+09:00,13176000.0,13217000.0,12999000.0,13134000.0,2608.35364561,34238417635.07639,1602633595470,13172000.0,FALL,38000.0,-38000.0,0.0028849074,-0.0028849074
84,CRIX.UPBIT.KRW-BTC,2020-10-12T00:00:00+00:00,2020-10-12T09:00:00+09:00,12934000.0,13330000.0,12855000.0,13172000.0,2796.54586265,36531375817.04888,1602547195749,12934000.0,RISE,238000.0,238000.0,0.0184011133,0.0184011133
85,CRIX.UPBIT.KRW-BTC,2020-10-11T00:00:00+00:00,2020-10-11T09:00:00+09:00,12858000.0,12994000.0,12817000.0,12934000.0,1337.68788409,17276197165.82384,1602460784597,12864000.0,RISE,70000.0,70000.0,0.0054415423,0.0054415423
86,CRIX.UPBIT.KRW-BTC,2020-10-10T00:00:00+00:00,2020-10-10T09:00:00+09:00,12637000.0,13007000.0,12628000.0,12864000.0,2416.64148094,31147460670.67601,1602374397417,12638000.0,RISE,226000.0,226000.0,0.0178825764,0.0178825764
87,CRIX.UPBIT.KRW-BTC,2020-10-09T00:00:00+00:00,2020-10-09T09:00:00+09:00,12582000.0,12750000.0,12503000.0,12638000.0,2245.60747516,28342240433.15135,1602287996942,12582000.0,RISE,56000.0,56000.0,0.0044508027,0.0044508027
88,CRIX.UPBIT.KRW-BTC,2020-10-08T00:00:00+00:00,2020-10-08T09:00:00+09:00,12422000.0,12680000.0,12280000.0,12582000.0,2422.11926188,30146096329.57559,1602201597343,12423000.0,RISE,159000.0,159000.0,0.0127988409,0.0127988409
89,CRIX.UPBIT.KRW-BTC,2020-10-07T00:00:00+00:00,2020-10-07T09:00:00+09:00,12408000.0,12435000.0,12337000.0,12423000.0,1357.3582234,16795131307.66865,1602115192282,12418000.0,RISE,5000.0,5000.0,0.0004026413,0.0004026413
90,CRIX.UPBIT.KRW-BTC,2020-10-06T00:00:00+00:00,2020-10-06T09:00:00+09:00,12536000.0,12600000.0,12330000.0,12418000.0,1745.87532903,21755259037.61206,1602028786204,12536000.0,FALL,118000.0,-118000.0,0.0094128909,-0.0094128909
91,CRIX.UPBIT.KRW-BTC,2020-10-05T00:00:00+00:00,2020-10-05T09:00:00+09:00,12446000.0,12545000.0,12385000.0,12536000.0,1578.02783002,19657622736.38049,1601942399223,12447000.0,RISE,89000.0,89000.0,0.0071503173,0.0071503173
92,CRIX.UPBIT.KRW-BTC,2020-10-04T00:00:00+00:00,2020-10-04T09:00:00+09:00,12393000.0,12496000.0,12348000.0,12447000.0,869.82727895,10796257983.07942,1601855990821,12393000.0,RISE,54000.0,54000.0,0.0043572985,0.0043572985
93,CRIX.UPBIT.KRW-BTC,2020-10-03T00:00:00+00:00,2020-10-03T09:00:00+09:00,12423000.0,12434000.0,12326000.0,12393000.0,802.7589499,9938723633.48864,1601769598630,12423000.0,FALL,30000.0,-30000.0,0.0024148756,-0.0024148756
94,CRIX.UPBIT.KRW-BTC,2020-10-02T00:00:00+00:00,2020-10-02T09:00:00+09:00,12440000.0,12470000.0,12205000.0,12423000.0,2312.40743338,28506045880.8428,1601683196226,12440000.0,FALL,17000.0,-17000.0,0.0013665595,-0.0013665595
95,CRIX.UPBIT.KRW-BTC,2020-10-01T00:00:00+00:00,2020-10-01T09:00:00+09:00,12562000.0,12678000.0,12249000.0,12440000.0,1790.8551381,22374753564.9098,1601596800062,12558000.0,FALL,118000.0,-118000.0,0.0093964007,-0.0093964007
96,CRIX.UPBIT.KRW-BTC,2020-09-30T00:00:00+00:00,2020-09-30T09:00:00+09:00,12603000.0,12615000.0,12469000.0,12558000.0,1314.25857931,16465381225.61567,1601510377883,12601000.0,FALL,43000.0,-43000.0,0.0034124276,-0.0034124276
97,CRIX.UPBIT.KRW-BTC,2020-09-29T00:00:00+00:00,2020-09-29T09:00:00+09:00,12468000.0,12688000.0,12399000.0,12601000.0,2479.36577398,30943561529.41518,1601423999790,12468000.0,RISE,133000.0,133000.0,0.0106673083,0.0106673083
98,CRIX.UPBIT.KRW-BTC,2020-09-28T00:00:00+00:00,2020-09-28T09:00:00+09:00,12515000.0,12795000.0,12425000.0,12468000.0,2919.95626941,36934110900.46463,1601337598552,12515000.0,FALL,47000.0,-47000.0,0.0037554934,-0.0037554934
99,CRIX.UPBIT.KRW-BTC,2020-09-27T00:00:00+00:00,2020-09-27T09:00:00+09:00,12506000.0,12597000.0,12320000.0,12515000.0,1415.11836015,17648475955.42035,1601251198226,12506000.0,RISE,9000.0,9000.0,0.0007196546,0.0007196546
100,CRIX.UPBIT.KRW-BTC,2020-09-26T00:00:00+00:00,2020-09-26T09:00:00+09:00,12456000.0,12550000.0,12431000.0,12506000.0,1266.60001845,15807213914.28946,1601164795144,12455000.0,RISE,51000.0,51000.0,0.0040947411,0.0040947411
101,CRIX.UPBIT.KRW-BTC,2020-09-25T00:00:00+00:00,2020-09-25T09:00:00+09:00,12495000.0,12550000.0,12311000.0,12455000.0,2895.53433005,35979016376.99834,1601078397972,12500000.0,FALL,45000.0,-45000.0,0.0036,-0.0036
102,CRIX.UPBIT.KRW-BTC,2020-09-24T00:00:00+00:00,2020-09-24T09:00:00+09:00,11943000.0,12695000.0,11912000.0,12500000.0,3114.32253267,37921834531.83651,1600991994941,11943000.0,RISE,557000.0,557000.0,0.0466381981,0.0466381981
103,CRIX.UPBIT.KRW-BTC,2020-09-23T00:00:00+00:00,2020-09-23T09:00:00+09:00,12346000.0,12348000.0,11913000.0,11943000.0,2511.56811414,30573620247.24699,1600905599749,12344000.0,FALL,401000.0,-401000.0,0.032485418,-0.032485418
104,CRIX.UPBIT.KRW-BTC,2020-09-22T00:00:00+00:00,2020-09-22T09:00:00+09:00,12290000.0,12380000.0,12090000.0,12344000.0,2500.06075534,30619634723.66583,1600819194823,12290000.0,RISE,54000.0,54000.0,0.0043938161,0.0043938161
105,CRIX.UPBIT.KRW-BTC,2020-09-21T00:00:00+00:00,2020-09-21T09:00:00+09:00,12828000.0,12828000.0,12160000.0,12290000.0,3820.68161169,47710106092.18037,1600732799866,12819000.0,FALL,529000.0,-529000.0,0.0412668695,-0.0412668695
106,CRIX.UPBIT.KRW-BTC,2020-09-20T00:00:00+00:00,2020-09-20T09:00:00+09:00,12928000.0,12942000.0,12652000.0,12819000.0,1791.11312251,22899489576.19746,1600646391454,12940000.0,FALL,121000.0,-121000.0,0.0093508501,-0.0093508501
107,CRIX.UPBIT.KRW-BTC,2020-09-19T00:00:00+00:00,2020-09-19T09:00:00+09:00,12781000.0,13036000.0,12741000.0,12940000.0,2078.8147631,26749956363.58219,1600559992093,12777000.0,RISE,163000.0,163000.0,0.0127572983,0.0127572983
108,CRIX.UPBIT.KRW-BTC,2020-09-18T00:00:00+00:00,2020-09-18T09:00:00+09:00,12811000.0,12837000.0,12672000.0,12777000.0,2277.28537656,29032522100.50628,1600473599440,12811000.0,FALL,34000.0,-34000.0,0.0026539692,-0.0026539692
109,CRIX.UPBIT.KRW-BTC,2020-09-17T00:00:00+00:00,2020-09-17T09:00:00+09:00,12908000.0,13050000.0,12623000.0,12811000.0,3228.03704907,41324682570.24944,1600387199257,12913000.0,FALL,102000.0,-102000.0,0.0078990165,-0.0078990165
110,CRIX.UPBIT.KRW-BTC,2020-09-16T00:00:00+00:00,2020-09-16T09:00:00+09:00,12801000.0,13050000.0,12652000.0,12913000.0,3856.19429687,49511485549.11448,1600300798207,12814000.0,RISE,99000.0,99000.0,0.0077259248,0.0077259248
111,CRIX.UPBIT.KRW-BTC,2020-09-15T00:00:00+00:00,2020-09-15T09:00:00+09:00,12657000.0,12913000.0,12555000.0,12814000.0,3676.58663151,46872140520.19776,1600214395546,12659000.0,RISE,155000.0,155000.0,0.0122442531,0.0122442531
112,CRIX.UPBIT.KRW-BTC,2020-09-14T00:00:00+00:00,2020-09-14T09:00:00+09:00,12377000.0,12736000.0,12285000.0,12659000.0,2810.17551441,35084126335.51942,1600127989254,12377000.0,RISE,282000.0,282000.0,0.0227841965,0.0227841965
113,CRIX.UPBIT.KRW-BTC,2020-09-13T00:00:00+00:00,2020-09-13T09:00:00+09:00,12379000.0,12571000.0,12147000.0,12377000.0,2563.92519505,31758933651.91053,1600041598969,12379000.0,FALL,2000.0,-2000.0,0.0001615639,-0.0001615639
114,CRIX.UPBIT.KRW-BTC,2020-09-12T00:00:00+00:00,2020-09-12T09:00:00+09:00,12336000.0,12455000.0,12228000.0,12379000.0,1692.15503798,20862828213.06052,1599955185454,12336000.0,RISE,43000.0,43000.0,0.0034857328,0.0034857328
115,CRIX.UPBIT.KRW-BTC,2020-09-11T00:00:00+00:00,2020-09-11T09:00:00+09:00,12328000.0,12388000.0,12170000.0,12336000.0,2587.41812303,31705458794.74347,1599868792463,12328000.0,RISE,8000.0,8000.0,0.0006489293,0.0006489293
116,CRIX.UPBIT.KRW-BTC,2020-09-10T00:00:00+00:00,2020-09-10T09:00:00+09:00,12189000.0,12435000.0,12050000.0,12328000.0,4150.91846302,51049389671.81547,1599782397069,12177000.0,RISE,151000.0,151000.0,0.012400427,0.012400427
117,CRIX.UPBIT.KRW-BTC,2020-09-09T00:00:00+00:00,2020-09-09T09:00:00+09:00,12130000.0,12290000.0,11939000.0,12177000.0,2860.20370963,34669073725.69816,1599695993615,12131000.0,RISE,46000.0,46000.0,0.003791938,0.003791938
118,CRIX.UPBIT.KRW-BTC,2020-09-08T00:00:00+00:00,2020-09-08T09:00:00+09:00,12388000.0,12448000.0,11900000.0,12131000.0,3338.50255302,40567225704.3812,1599609586569,12388000.0,FALL,257000.0,-257000.0,0.0207458831,-0.0207458831
119,CRIX.UPBIT.KRW-BTC,2020-09-07T00:00:00+00:00,2020-09-07T09:00:00+09:00,12353000.0,12450000.0,11860000.0,12388000.0,3422.90378853,41612849961.02479,1599523199702,12353000.0,RISE,35000.0,35000.0,0.0028333198,0.0028333198
120,CRIX.UPBIT.KRW-BTC,2020-09-06T00:00:00+00:00,2020-09-06T09:00:00+09:00,12383000.0,12493000.0,12123000.0,12353000.0,2820.7889017,34671546521.63906,1599436799053,12382000.0,FALL,29000.0,-29000.0,0.0023421095,-0.0023421095
121,CRIX.UPBIT.KRW-BTC,2020-09-05T00:00:00+00:00,2020-09-05T09:00:00+09:00,12630000.0,12762000.0,12120000.0,12382000.0,4161.03925299,51491560855.52754,1599350396868,12636000.0,FALL,254000.0,-254000.0,0.0201012979,-0.0201012979
122,CRIX.UPBIT.KRW-BTC,2020-09-04T00:00:00+00:00,2020-09-04T09:00:00+09:00,12301000.0,12773000.0,12160000.0,12636000.0,6538.45024846,81665296367.04335,1599263999650,12303000.0,RISE,333000.0,333000.0,0.0270665691,0.0270665691
123,CRIX.UPBIT.KRW-BTC,2020-09-03T00:00:00+00:00,2020-09-03T09:00:00+09:00,13572000.0,13670000.0,12265000.0,12303000.0,7225.31854832,94143401975.79472,1599177600028,13571000.0,FALL,1268000.0,-1268000.0,0.0934345295,-0.0934345295
124,CRIX.UPBIT.KRW-BTC,2020-09-02T00:00:00+00:00,2020-09-02T09:00:00+09:00,13972000.0,14010000.0,13282000.0,13571000.0,5822.80229095,79532170806.15791,1599091194614,13974000.0,FALL,403000.0,-403000.0,0.0288392729,-0.0288392729
125,CRIX.UPBIT.KRW-BTC,2020-09-01T00:00:00+00:00,2020-09-01T09:00:00+09:00,13733000.0,14097000.0,13630000.0,13974000.0,4847.35215036,67380057022.36142,1599004799044,13740000.0,RISE,234000.0,234000.0,0.0170305677,0.0170305677
126,CRIX.UPBIT.KRW-BTC,2020-08-31T00:00:00+00:00,2020-08-31T09:00:00+09:00,13671000.0,13840000.0,13580000.0,13739000.0,3166.15837477,43398359512.28786,1598918401350,13671000.0,RISE,68000.0,68000.0,0.0049740326,0.0049740326
127,CRIX.UPBIT.KRW-BTC,2020-08-30T00:00:00+00:00,2020-08-30T09:00:00+09:00,13470000.0,13687000.0,13465000.0,13671000.0,2403.72039078,32728750262.89069,1598831999148,13470000.0,RISE,201000.0,201000.0,0.014922049,0.014922049
128,CRIX.UPBIT.KRW-BTC,2020-08-29T00:00:00+00:00,2020-08-29T09:00:00+09:00,13546000.0,13568000.0,13416000.0,13470000.0,2279.26269577,30771087827.8604,1598745599312,13549000.0,FALL,79000.0,-79000.0,0.0058306886,-0.0058306886
129,CRIX.UPBIT.KRW-BTC,2020-08-28T00:00:00+00:00,2020-08-28T09:00:00+09:00,13401000.0,13550000.0,13332000.0,13549000.0,3043.46766106,40954465327.99302,1598659199518,13401000.0,RISE,148000.0,148000.0,0.0110439519,0.0110439519
130,CRIX.UPBIT.KRW-BTC,2020-08-27T00:00:00+00:00,2020-08-27T09:00:00+09:00,13561000.0,13675000.0,13245000.0,13401000.0,5462.36370808,73372727045.9605,1598572798795,13561000.0,FALL,160000.0,-160000.0,0.0117985399,-0.0117985399
131,CRIX.UPBIT.KRW-BTC,2020-08-26T00:00:00+00:00,2020-08-26T09:00:00+09:00,13473000.0,13633000.0,13350000.0,13561000.0,7348.77505862,99215044386.99374,1598486398766,13476000.0,RISE,85000.0,85000.0,0.0063075096,0.0063075096
132,CRIX.UPBIT.KRW-BTC,2020-08-25T00:00:00+00:00,2020-08-25T09:00:00+09:00,13876000.0,13884000.0,13341000.0,13476000.0,5630.21938515,76682467827.37836,1598399999690,13876000.0,FALL,400000.0,-400000.0,0.0288267512,-0.0288267512
133,CRIX.UPBIT.KRW-BTC,2020-08-24T00:00:00+00:00,2020-08-24T09:00:00+09:00,13816000.0,13940000.0,13745000.0,13876000.0,3402.10119459,47140930422.03655,1598313599965,13802000.0,RISE,74000.0,74000.0,0.0053615418,0.0053615418
134,CRIX.UPBIT.KRW-BTC,2020-08-23T00:00:00+00:00,2020-08-23T09:00:00+09:00,13850000.0,13856000.0,13700000.0,13802000.0,2120.58334002,29214566204.36932,1598227189073,13840000.0,FALL,38000.0,-38000.0,0.0027456647,-0.0027456647
135,CRIX.UPBIT.KRW-BTC,2020-08-22T00:00:00+00:00,2020-08-22T09:00:00+09:00,13781000.0,13850000.0,13500000.0,13840000.0,3325.65334899,45598030757.90414,1598140799374,13781000.0,RISE,59000.0,59000.0,0.0042812568,0.0042812568
136,CRIX.UPBIT.KRW-BTC,2020-08-21T00:00:00+00:00,2020-08-21T09:00:00+09:00,13951000.0,14012000.0,13761000.0,13781000.0,4571.55575689,63620712174.25728,1598054399868,13967000.0,FALL,186000.0,-186000.0,0.0133171046,-0.0133171046
137,CRIX.UPBIT.KRW-BTC,2020-08-20T00:00:00+00:00,2020-08-20T09:00:00+09:00,13884000.0,14050000.0,13750000.0,13967000.0,3049.38761238,42298639750.02728,1597967995849,13878000.0,RISE,89000.0,89000.0,0.0064130278,0.0064130278
138,CRIX.UPBIT.KRW-BTC,2020-08-19T00:00:00+00:00,2020-08-19T09:00:00+09:00,14002000.0,14084000.0,13666000.0,13878000.0,5471.16152561,75853613513.93965,1597881596657,14000000.0,FALL,122000.0,-122000.0,0.0087142857,-0.0087142857
139,CRIX.UPBIT.KRW-BTC,2020-08-18T00:00:00+00:00,2020-08-18T09:00:00+09:00,14202000.0,14339000.0,13811000.0,14000000.0,5958.55361166,84322639567.739,1597795199012,14204000.0,FALL,204000.0,-204000.0,0.0143621515,-0.0143621515
140,CRIX.UPBIT.KRW-BTC,2020-08-17T00:00:00+00:00,2020-08-17T09:00:00+09:00,13889000.0,14382000.0,13809000.0,14204000.0,7068.79872423,99435021020.21393,1597708799588,13889000.0,RISE,315000.0,315000.0,0.0226798186,0.0226798186
141,CRIX.UPBIT.KRW-BTC,2020-08-16T00:00:00+00:00,2020-08-16T09:00:00+09:00,13867000.0,13962000.0,13751000.0,13889000.0,2621.22026284,36320366073.8914,1597622398807,13878000.0,RISE,11000.0,11000.0,0.0007926214,0.0007926214
142,CRIX.UPBIT.KRW-BTC,2020-08-15T00:00:00+00:00,2020-08-15T09:00:00+09:00,13845000.0,14051000.0,13796000.0,13878000.0,3784.70679521,52743660027.41968,1597535999448,13846000.0,RISE,32000.0,32000.0,0.0023111368,0.0023111368
143,CRIX.UPBIT.KRW-BTC,2020-08-14T00:00:00+00:00,2020-08-14T09:00:00+09:00,13810000.0,13939000.0,13706000.0,13846000.0,5427.79561059,74921142332.9244,1597449592366,13810000.0,RISE,36000.0,36000.0,0.0026068067,0.0026068067
144,CRIX.UPBIT.KRW-BTC,2020-08-13T00:00:00+00:00,2020-08-13T09:00:00+09:00,13708000.0,13890000.0,13398000.0,13810000.0,6509.12009099,88906429409.5377,1597363200099,13709000.0,RISE,101000.0,101000.0,0.0073674229,0.0073674229
145,CRIX.UPBIT.KRW-BTC,2020-08-12T00:00:00+00:00,2020-08-12T09:00:00+09:00,13619000.0,13745000.0,13306000.0,13709000.0,4491.1064638,60893951822.17933,1597276795392,13619000.0,RISE,90000.0,90000.0,0.0066084147,0.0066084147
146,CRIX.UPBIT.KRW-BTC,2020-08-11T00:00:00+00:00,2020-08-11T09:00:00+09:00,13994000.0,14042000.0,13337000.0,13619000.0,7038.42556936,97125046629.61996,1597190399327,13990000.0,FALL,371000.0,-371000.0,0.0265189421,-0.0265189421
147,CRIX.UPBIT.KRW-BTC,2020-08-10T00:00:00+00:00,2020-08-10T09:00:00+09:00,13814000.0,14280000.0,13746000.0,13990000.0,6087.49693672,85460645789.7747,1597103999989,13820000.0,RISE,170000.0,170000.0,0.012301013,0.012301013
148,CRIX.UPBIT.KRW-BTC,2020-08-09T00:00:00+00:00,2020-08-09T09:00:00+09:00,13884000.0,13905000.0,13652000.0,13820000.0,2856.75718036,39378187572.07279,1597017599080,13887000.0,FALL,67000.0,-67000.0,0.0048246562,-0.0048246562
149,CRIX.UPBIT.KRW-BTC,2020-08-08T00:00:00+00:00,2020-08-08T09:00:00+09:00,13777000.0,13960000.0,13710000.0,13887000.0,2600.97888267,36002526305.62443,1596931196746,13777000.0,RISE,110000.0,110000.0,0.0079843217,0.0079843217
150,CRIX.UPBIT.KRW-BTC,2020-08-07T00:00:00+00:00,2020-08-07T09:00:00+09:00,13883000.0,14064000.0,13551000.0,13777000.0,4462.32806533,61891807766.65191,1596844799435,13884000.0,FALL,107000.0,-107000.0,0.0077067128,-0.0077067128
151,CRIX.UPBIT.KRW-BTC,2020-08-06T00:00:00+00:00,2020-08-06T09:00:00+09:00,13843000.0,14036000.0,13666000.0,13884000.0,5736.95470128,79503792786.72746,1596758399549,13843000.0,RISE,41000.0,41000.0,0.0029617857,0.0029617857
152,CRIX.UPBIT.KRW-BTC,2020-08-05T00:00:00+00:00,2020-08-05T09:00:00+09:00,13322000.0,13881000.0,13229000.0,13843000.0,7147.3390046,96484982554.87483,1596671998568,13319000.0,RISE,524000.0,524000.0,0.039342293,0.039342293
153,CRIX.UPBIT.KRW-BTC,2020-08-04T00:00:00+00:00,2020-08-04T09:00:00+09:00,13273000.0,13488000.0,13130000.0,13319000.0,4322.71665983,57720109204.97258,1596585596323,13272000.0,RISE,47000.0,47000.0,0.0035412899,0.0035412899
154,CRIX.UPBIT.KRW-BTC,2020-08-03T00:00:00+00:00,2020-08-03T09:00:00+09:00,13030000.0,13573000.0,12945000.0,13272000.0,4402.74282417,58620021046.76539,1596499200190,13030000.0,RISE,242000.0,242000.0,0.0185725249,0.0185725249
155,CRIX.UPBIT.KRW-BTC,2020-08-02T00:00:00+00:00,2020-08-02T09:00:00+09:00,13922000.0,14380000.0,12871000.0,13030000.0,10730.69157929,144622415973.50195,1596412799129,13922000.0,FALL,892000.0,-892000.0,0.0640712541,-0.0640712541
156,CRIX.UPBIT.KRW-BTC,2020-08-01T00:00:00+00:00,2020-08-01T09:00:00+09:00,13404000.0,13969000.0,13271000.0,13922000.0,5463.18173849,75023194211.60835,1596326387666,13416000.0,RISE,506000.0,506000.0,0.0377161598,0.0377161598
157,CRIX.UPBIT.KRW-BTC,2020-07-31T00:00:00+00:00,2020-07-31T09:00:00+09:00,13097000.0,13580000.0,12961000.0,13416000.0,4608.2997854,61115626279.73356,1596239998663,13098000.0,RISE,318000.0,318000.0,0.0242785158,0.0242785158
158,CRIX.UPBIT.KRW-BTC,2020-07-30T00:00:00+00:00,2020-07-30T09:00:00+09:00,13123000.0,13170000.0,12800000.0,13098000.0,4755.53271504,61951212852.32407,1596153596080,13124000.0,FALL,26000.0,-26000.0,0.0019811033,-0.0019811033
159,CRIX.UPBIT.KRW-BTC,2020-07-29T00:00:00+00:00,2020-07-29T09:00:00+09:00,12774000.0,13368000.0,12701000.0,13124000.0,5839.53216975,76329757196.03754,1596067197238,12772000.0,RISE,352000.0,352000.0,0.0275602881,0.0275602881
160,CRIX.UPBIT.KRW-BTC,2020-07-28T00:00:00+00:00,2020-07-28T09:00:00+09:00,12914000.0,13202000.0,12515000.0,12772000.0,7553.15293197,97625728882.80054,1595980797381,12916000.0,FALL,144000.0,-144000.0,0.0111489625,-0.0111489625
161,CRIX.UPBIT.KRW-BTC,2020-07-27T00:00:00+00:00,2020-07-27T09:00:00+09:00,11706000.0,13275000.0,11701000.0,12916000.0,10523.35454822,130460072284.42549,1595894399613,11715000.0,RISE,1201000.0,1201000.0,0.1025181391,0.1025181391
162,CRIX.UPBIT.KRW-BTC,2020-07-26T00:00:00+00:00,2020-07-26T09:00:00+09:00,11477000.0,11909000.0,11416000.0,11715000.0,4143.37023378,48415693383.71608,1595807988337,11477000.0,RISE,238000.0,238000.0,0.0207371264,0.0207371264
163,CRIX.UPBIT.KRW-BTC,2020-07-25T00:00:00+00:00,2020-07-25T09:00:00+09:00,11346000.0,11500000.0,11333000.0,11477000.0,1583.49670631,18061315980.4953,1595721599611,11346000.0,RISE,131000.0,131000.0,0.0115459193,0.0115459193
164,CRIX.UPBIT.KRW-BTC,2020-07-24T00:00:00+00:00,2020-07-24T09:00:00+09:00,11322000.0,11438000.0,11238000.0,11346000.0,2160.08749256,24458186720.64186,1595635197925,11331000.0,RISE,15000.0,15000.0,0.001323802,0.001323802
165,CRIX.UPBIT.KRW-BTC,2020-07-23T00:00:00+00:00,2020-07-23T09:00:00+09:00,11258000.0,11418000.0,11183000.0,11331000.0,3090.33493086,34844830670.65103,1595548799820,11269000.0,RISE,62000.0,62000.0,0.0055018191,0.0055018191
166,CRIX.UPBIT.KRW-BTC,2020-07-22T00:00:00+00:00,2020-07-22T09:00:00+09:00,11117000.0,11280000.0,11066000.0,11269000.0,2474.64316687,27574564361.92806,1595462399493,11123000.0,RISE,146000.0,146000.0,0.0131259552,0.0131259552
167,CRIX.UPBIT.KRW-BTC,2020-07-21T00:00:00+00:00,2020-07-21T09:00:00+09:00,10940000.0,11220000.0,10930000.0,11123000.0,3235.46831323,35838586966.12535,1595375995698,10950000.0,RISE,173000.0,173000.0,0.0157990868,0.0157990868
168,CRIX.UPBIT.KRW-BTC,2020-07-20T00:00:00+00:00,2020-07-20T09:00:00+09:00,10943000.0,10981000.0,10908000.0,10950000.0,1677.88924309,18353972822.9372,1595289597116,10943000.0,RISE,7000.0,7000.0,0.0006396783,0.0006396783
169,CRIX.UPBIT.KRW-BTC,2020-07-19T00:00:00+00:00,2020-07-19T09:00:00+09:00,10908000.0,10971000.0,10869000.0,10943000.0,976.01326268,10646124008.74412,1595203196028,10905000.0,RISE,38000.0,38000.0,0.0034846401,0.0034846401
170,CRIX.UPBIT.KRW-BTC,2020-07-18T00:00:00+00:00,2020-07-18T09:00:00+09:00,10949000.0,10990000.0,10894000.0,10905000.0,948.92757814,10364274365.33872,1595116756260,10937000.0,FALL,32000.0,-32000.0,0.002925848,-0.002925848
171,CRIX.UPBIT.KRW-BTC,2020-07-17T00:00:00+00:00,2020-07-17T09:00:00+09:00,10924000.0,10980000.0,10875000.0,10937000.0,1615.75315293,17633051344.94775,1595030400071,10934000.0,RISE,3000.0,3000.0,0.0002743735,0.0002743735
172,CRIX.UPBIT.KRW-BTC,2020-07-16T00:00:00+00:00,2020-07-16T09:00:00+09:00,10975000.0,11003000.0,10835000.0,10934000.0,2068.3561921,22590778578.36891,1594943998502,10975000.0,FALL,41000.0,-41000.0,0.0037357631,-0.0037357631
173,CRIX.UPBIT.KRW-BTC,2020-07-15T00:00:00+00:00,2020-07-15T09:00:00+09:00,11011000.0,11017000.0,10955000.0,10975000.0,1649.89414782,18128428283.91464,1594857585655,11010000.0,FALL,35000.0,-35000.0,0.0031789282,-0.0031789282
174,CRIX.UPBIT.KRW-BTC,2020-07-14T00:00:00+00:00,2020-07-14T09:00:00+09:00,11011000.0,11040000.0,10925000.0,11010000.0,2495.54897178,27426619157.0111,1594771198942,11000000.0,RISE,10000.0,10000.0,0.0009090909,0.0009090909
175,CRIX.UPBIT.KRW-BTC,2020-07-13T00:00:00+00:00,2020-07-13T09:00:00+09:00,11036000.0,11063000.0,10908000.0,11000000.0,2605.40348195,28708587699.24053,1594684795341,11036000.0,FALL,36000.0,-36000.0,0.0032620515,-0.0032620515
176,CRIX.UPBIT.KRW-BTC,2020-07-12T00:00:00+00:00,2020-07-12T09:00:00+09:00,10968000.0,11061000.0,10915000.0,11036000.0,1317.60522056,14475567008.02348,1594598398960,10957000.0,RISE,79000.0,79000.0,0.0072100027,0.0072100027
177,CRIX.UPBIT.KRW-BTC,2020-07-11T00:00:00+00:00,2020-07-11T09:00:00+09:00,11039000.0,11044000.0,10910000.0,10957000.0,1039.64848925,11412149191.39162,1594511995374,11043000.0,FALL,86000.0,-86000.0,0.0077877388,-0.0077877388
178,CRIX.UPBIT.KRW-BTC,2020-07-10T00:00:00+00:00,2020-07-10T09:00:00+09:00,10961000.0,11062000.0,10880000.0,11043000.0,2044.03731083,22365040789.62106,1594425584717,10961000.0,RISE,82000.0,82000.0,0.0074810692,0.0074810692
179,CRIX.UPBIT.KRW-BTC,2020-07-09T00:00:00+00:00,2020-07-09T09:00:00+09:00,11135000.0,11149000.0,10906000.0,10961000.0,2625.43221633,29019864172.58648,1594339199345,11138000.0,FALL,177000.0,-177000.0,0.0158915425,-0.0158915425
180,CRIX.UPBIT.KRW-BTC,2020-07-08T00:00:00+00:00,2020-07-08T09:00:00+09:00,10988000.0,11208000.0,10968000.0,11138000.0,3274.76981902,36222534300.68448,1594252797246,10988000.0,RISE,150000.0,150000.0,0.0136512559,0.0136512559
181,CRIX.UPBIT.KRW-BTC,2020-07-07T00:00:00+00:00,2020-07-07T09:00:00+09:00,11065000.0,11097000.0,10952000.0,10988000.0,1828.51713339,20112615095.54035,1594166398403,11065000.0,FALL,77000.0,-77000.0,0.0069588793,-0.0069588793
182,CRIX.UPBIT.KRW-BTC,2020-07-06T00:00:00+00:00,2020-07-06T09:00:00+09:00,10831000.0,11102000.0,10796000.0,11065000.0,2834.35626338,31078720052.75661,1594079998049,10831000.0,RISE,234000.0,234000.0,0.0216046533,0.0216046533
183,CRIX.UPBIT.KRW-BTC,2020-07-05T00:00:00+00:00,2020-07-05T09:00:00+09:00,10883000.0,10900000.0,10700000.0,10831000.0,1232.80955825,13334433838.9294,1593993599797,10884000.0,FALL,53000.0,-53000.0,0.0048695333,-0.0048695333
184,CRIX.UPBIT.KRW-BTC,2020-07-04T00:00:00+00:00,2020-07-04T09:00:00+09:00,10845000.0,10960000.0,10814000.0,10884000.0,1102.13769,11972124979.85412,1593907199207,10837000.0,RISE,47000.0,47000.0,0.0043369936,0.0043369936
185,CRIX.UPBIT.KRW-BTC,2020-07-03T00:00:00+00:00,2020-07-03T09:00:00+09:00,10888000.0,10920000.0,10821000.0,10837000.0,1446.240884,15727116468.99827,1593820788484,10888000.0,FALL,51000.0,-51000.0,0.0046840558,-0.0046840558
186,CRIX.UPBIT.KRW-BTC,2020-07-02T00:00:00+00:00,2020-07-02T09:00:00+09:00,11041000.0,11077000.0,10772000.0,10888000.0,2255.06730644,24728362589.51425,1593734390534,11051000.0,FALL,163000.0,-163000.0,0.0147497964,-0.0147497964
187,CRIX.UPBIT.KRW-BTC,2020-07-01T00:00:00+00:00,2020-07-01T09:00:00+09:00,10903000.0,11111000.0,10887000.0,11051000.0,1746.77991866,19167980240.11128,1593647985353,10903000.0,RISE,148000.0,148000.0,0.0135742456,0.0135742456
188,CRIX.UPBIT.KRW-BTC,2020-06-30T00:00:00+00:00,2020-06-30T09:00:00+09:00,10980000.0,11004000.0,10882000.0,10903000.0,1491.98629021,16317539319.76393,1593561601838,10972000.0,FALL,69000.0,-69000.0,0.006288735,-0.006288735
189,CRIX.UPBIT.KRW-BTC,2020-06-29T00:00:00+00:00,2020-06-29T09:00:00+09:00,10970000.0,11033000.0,10814000.0,10972000.0,1945.52309302,21264996335.17508,1593475192379,10970000.0,RISE,2000.0,2000.0,0.0001823154,0.0001823154
190,CRIX.UPBIT.KRW-BTC,2020-06-28T00:00:00+00:00,2020-06-28T09:00:00+09:00,10913000.0,11163000.0,10756000.0,10970000.0,2015.60242521,21976597777.58106,1593388796966,10913000.0,RISE,57000.0,57000.0,0.0052231284,0.0052231284
191,CRIX.UPBIT.KRW-BTC,2020-06-27T00:00:00+00:00,2020-06-27T09:00:00+09:00,11045000.0,11051000.0,10791000.0,10913000.0,1712.14624703,18748578163.86562,1593302400065,11045000.0,FALL,132000.0,-132000.0,0.0119511091,-0.0119511091
192,CRIX.UPBIT.KRW-BTC,2020-06-26T00:00:00+00:00,2020-06-26T09:00:00+09:00,11151000.0,11185000.0,10901000.0,11045000.0,2087.94129459,23059816065.19254,1593215991362,11147000.0,FALL,102000.0,-102000.0,0.0091504441,-0.0091504441
193,CRIX.UPBIT.KRW-BTC,2020-06-25T00:00:00+00:00,2020-06-25T09:00:00+09:00,11232000.0,11232000.0,10842000.0,11147000.0,2709.1098932,29988117921.97428,1593129597002,11233000.0,FALL,86000.0,-86000.0,0.0076560135,-0.0076560135
194,CRIX.UPBIT.KRW-BTC,2020-06-24T00:00:00+00:00,2020-06-24T09:00:00+09:00,11506000.0,11553000.0,11110000.0,11233000.0,3231.00130679,36619784579.24557,1593043197259,11509000.0,FALL,276000.0,-276000.0,0.0239812321,-0.0239812321
195,CRIX.UPBIT.KRW-BTC,2020-06-23T00:00:00+00:00,2020-06-23T09:00:00+09:00,11593000.0,11649000.0,11488000.0,11509000.0,2329.40394614,26891343457.95127,1592956779716,11593000.0,FALL,84000.0,-84000.0,0.0072457517,-0.0072457517
196,CRIX.UPBIT.KRW-BTC,2020-06-22T00:00:00+00:00,2020-06-22T09:00:00+09:00,11235000.0,11675000.0,11232000.0,11593000.0,2696.34450507,30791755247.68615,1592870399859,11238000.0,RISE,355000.0,355000.0,0.0315892508,0.0315892508
197,CRIX.UPBIT.KRW-BTC,2020-06-21T00:00:00+00:00,2020-06-21T09:00:00+09:00,11317000.0,11355000.0,11225000.0,11238000.0,909.55526989,10272158821.35106,1592783996269,11325000.0,FALL,87000.0,-87000.0,0.0076821192,-0.0076821192
198,CRIX.UPBIT.KRW-BTC,2020-06-20T00:00:00+00:00,2020-06-20T09:00:00+09:00,11285000.0,11351000.0,11155000.0,11325000.0,1263.73290014,14231412199.29186,1592697592566,11286000.0,RISE,39000.0,39000.0,0.0034556087,0.0034556087
199,CRIX.UPBIT.KRW-BTC,2020-06-19T00:00:00+00:00,2020-06-19T09:00:00+09:00,11341000.0,11382000.0,11150000.0,11286000.0,2389.5177849,26946529628.96914,1592611197602,11341000.0,FALL,55000.0,-55000.0,0.0048496605,-0.0048496605
200,CRIX.UPBIT.KRW-BTC,2020-06-18T00:00:00+00:00,2020-06-18T09:00:00+09:00,11437000.0,11445000.0,11224000.0,11341000.0,2323.41197278,26381811751.81141,1592524792443,11437000.0,FALL,96000.0,-96000.0,0.0083938096,-0.0083938096
201,CRIX.UPBIT.KRW-BTC,2020-06-17T00:00:00+00:00,2020-06-17T09:00:00+09:00,11453000.0,11517000.0,11320000.0,11437000.0,2739.25545593,31238353648.22276,1592438400070,11453000.0,FALL,16000.0,-16000.0,0.0013970139,-0.0013970139
202,CRIX.UPBIT.KRW-BTC,2020-06-16T00:00:00+00:00,2020-06-16T09:00:00+09:00,11339000.0,11492000.0,11267000.0,11453000.0,3026.56824254,34502891643.72859,1592351998739,11346000.0,RISE,107000.0,107000.0,0.0094306363,0.0094306363
203,CRIX.UPBIT.KRW-BTC,2020-06-15T00:00:00+00:00,2020-06-15T09:00:00+09:00,11246000.0,11415000.0,10770000.0,11346000.0,4693.79393111,52014354737.37485,1592265594755,11246000.0,RISE,100000.0,100000.0,0.0088920505,0.0088920505
204,CRIX.UPBIT.KRW-BTC,2020-06-14T00:00:00+00:00,2020-06-14T09:00:00+09:00,11382000.0,11395000.0,11156000.0,11246000.0,1408.07350246,15908809805.70998,1592179187272,11388000.0,FALL,142000.0,-142000.0,0.0124692659,-0.0124692659
205,CRIX.UPBIT.KRW-BTC,2020-06-13T00:00:00+00:00,2020-06-13T09:00:00+09:00,11374000.0,11406000.0,11272000.0,11388000.0,1212.95040947,13771682146.27066,1592092798420,11380000.0,RISE,8000.0,8000.0,0.0007029877,0.0007029877
206,CRIX.UPBIT.KRW-BTC,2020-06-12T00:00:00+00:00,2020-06-12T09:00:00+09:00,11090000.0,11449000.0,11062000.0,11380000.0,2651.81738048,30023306034.86605,1592006400134,11090000.0,RISE,290000.0,290000.0,0.0261496844,0.0261496844
207,CRIX.UPBIT.KRW-BTC,2020-06-11T00:00:00+00:00,2020-06-11T09:00:00+09:00,11732000.0,11799000.0,11058000.0,11090000.0,4545.21507399,52048827002.70474,1591919999557,11737000.0,FALL,647000.0,-647000.0,0.0551248189,-0.0551248189
208,CRIX.UPBIT.KRW-BTC,2020-06-10T00:00:00+00:00,2020-06-10T09:00:00+09:00,11688000.0,11847000.0,11590000.0,11737000.0,2283.58557932,26666609379.25478,1591833599603,11688000.0,RISE,49000.0,49000.0,0.004192334,0.004192334
209,CRIX.UPBIT.KRW-BTC,2020-06-09T00:00:00+00:00,2020-06-09T09:00:00+09:00,11690000.0,11777000.0,11550000.0,11688000.0,2610.12478709,30362395603.98765,1591747198366,11690000.0,FALL,2000.0,-2000.0,0.0001710864,-0.0001710864
210,CRIX.UPBIT.KRW-BTC,2020-06-08T00:00:00+00:00,2020-06-08T09:00:00+09:00,11680000.0,11719000.0,11560000.0,11690000.0,1728.38288947,20145057135.3058,1591660799173,11687000.0,RISE,3000.0,3000.0,0.0002566955,0.0002566955
211,CRIX.UPBIT.KRW-BTC,2020-06-07T00:00:00+00:00,2020-06-07T09:00:00+09:00,11641000.0,11786000.0,11373000.0,11687000.0,2655.73231992,30687558395.58496,1591574399613,11641000.0,RISE,46000.0,46000.0,0.0039515506,0.0039515506
212,CRIX.UPBIT.KRW-BTC,2020-06-06T00:00:00+00:00,2020-06-06T09:00:00+09:00,11601000.0,11699000.0,11512000.0,11641000.0,1459.86807286,16923944615.25668,1591487997286,11597000.0,RISE,44000.0,44000.0,0.0037940847,0.0037940847
213,CRIX.UPBIT.KRW-BTC,2020-06-05T00:00:00+00:00,2020-06-05T09:00:00+09:00,11785000.0,11855000.0,11561000.0,11597000.0,2593.82582445,30417222202.8857,1591401574174,11784000.0,FALL,187000.0,-187000.0,0.0158689749,-0.0158689749
214,CRIX.UPBIT.KRW-BTC,2020-06-04T00:00:00+00:00,2020-06-04T09:00:00+09:00,11659000.0,11865000.0,11470000.0,11784000.0,4182.02295157,48833048011.10401,1591315197232,11659000.0,RISE,125000.0,125000.0,0.0107213312,0.0107213312
215,CRIX.UPBIT.KRW-BTC,2020-06-03T00:00:00+00:00,2020-06-03T09:00:00+09:00,11520000.0,11661000.0,11401000.0,11648000.0,3039.98605262,35062388672.07668,1591228800615,11520000.0,RISE,128000.0,128000.0,0.0111111111,0.0111111111
216,CRIX.UPBIT.KRW-BTC,2020-06-02T00:00:00+00:00,2020-06-02T09:00:00+09:00,12111000.0,12173000.0,11301000.0,11520000.0,8745.47328502,102916956260.46538,1591142394279,12112000.0,FALL,592000.0,-592000.0,0.0488771466,-0.0488771466
217,CRIX.UPBIT.KRW-BTC,2020-06-01T00:00:00+00:00,2020-06-01T09:00:00+09:00,11432000.0,12230000.0,11402000.0,12112000.0,6160.91557592,72340680825.97015,1591056000156,11432000.0,RISE,680000.0,680000.0,0.0594821554,0.0594821554
218,CRIX.UPBIT.KRW-BTC,2020-05-31T00:00:00+00:00,2020-05-31T09:00:00+09:00,11583000.0,11585000.0,11363000.0,11432000.0,2525.31346136,28986252421.63876,1590969594783,11581000.0,FALL,149000.0,-149000.0,0.012865901,-0.012865901
219,CRIX.UPBIT.KRW-BTC,2020-05-30T00:00:00+00:00,2020-05-30T09:00:00+09:00,11397000.0,11603000.0,11303000.0,11581000.0,3047.33666992,34962042868.58011,1590883199222,11398000.0,RISE,183000.0,183000.0,0.0160554483,0.0160554483
220,CRIX.UPBIT.KRW-BTC,2020-05-29T00:00:00+00:00,2020-05-29T09:00:00+09:00,11579000.0,11603000.0,11276000.0,11398000.0,2986.57917583,34168970855.99476,1590796792240,11579000.0,FALL,181000.0,-181000.0,0.0156317471,-0.0156317471
221,CRIX.UPBIT.KRW-BTC,2020-05-28T00:00:00+00:00,2020-05-28T09:00:00+09:00,11151000.0,11600000.0,11104000.0,11579000.0,4438.47314114,50285107803.29857,1590710396239,11163000.0,RISE,416000.0,416000.0,0.0372659679,0.0372659679
222,CRIX.UPBIT.KRW-BTC,2020-05-27T00:00:00+00:00,2020-05-27T09:00:00+09:00,10724000.0,11187000.0,10722000.0,11163000.0,4433.78330122,48719227591.04233,1590623998203,10729000.0,RISE,434000.0,434000.0,0.0404511138,0.0404511138
223,CRIX.UPBIT.KRW-BTC,2020-05-26T00:00:00+00:00,2020-05-26T09:00:00+09:00,10821000.0,10929000.0,10611000.0,10729000.0,3154.58974572,34017141090.68883,1590537599582,10825000.0,FALL,96000.0,-96000.0,0.0088683603,-0.0088683603
224,CRIX.UPBIT.KRW-BTC,2020-05-25T00:00:00+00:00,2020-05-25T09:00:00+09:00,10663000.0,10886000.0,10507000.0,10825000.0,4299.98228167,45994606185.37958,1590451195803,10664000.0,RISE,161000.0,161000.0,0.0150975244,0.0150975244
225,CRIX.UPBIT.KRW-BTC,2020-05-24T00:00:00+00:00,2020-05-24T09:00:00+09:00,11140000.0,11249000.0,10630000.0,10664000.0,3564.63324161,39202816222.70366,1590364799423,11140000.0,FALL,476000.0,-476000.0,0.0427289048,-0.0427289048
226,CRIX.UPBIT.KRW-BTC,2020-05-23T00:00:00+00:00,2020-05-23T09:00:00+09:00,11117000.0,11299000.0,11048000.0,11140000.0,2106.46390938,23533380573.82142,1590278399821,11117000.0,RISE,23000.0,23000.0,0.0020689035,0.0020689035
227,CRIX.UPBIT.KRW-BTC,2020-05-22T00:00:00+00:00,2020-05-22T09:00:00+09:00,11089000.0,11242000.0,10900000.0,11117000.0,4239.65573952,46992384425.02881,1590191998121,11089000.0,RISE,28000.0,28000.0,0.0025250248,0.0025250248
228,CRIX.UPBIT.KRW-BTC,2020-05-21T00:00:00+00:00,2020-05-21T09:00:00+09:00,11533000.0,11609000.0,10798000.0,11089000.0,7323.04594878,82011331058.865,1590105599946,11532000.0,FALL,443000.0,-443000.0,0.0384148456,-0.0384148456
229,CRIX.UPBIT.KRW-BTC,2020-05-20T00:00:00+00:00,2020-05-20T09:00:00+09:00,11727000.0,11800000.0,11350000.0,11532000.0,5246.78872844,60920389156.02524,1590019196685,11727000.0,FALL,195000.0,-195000.0,0.0166282937,-0.0166282937
230,CRIX.UPBIT.KRW-BTC,2020-05-19T00:00:00+00:00,2020-05-19T09:00:00+09:00,11704000.0,11833000.0,11430000.0,11727000.0,6500.9196183,75842909560.02188,1589932799392,11705000.0,RISE,22000.0,22000.0,0.0018795387,0.0018795387
231,CRIX.UPBIT.KRW-BTC,2020-05-18T00:00:00+00:00,2020-05-18T09:00:00+09:00,11619000.0,11899000.0,11380000.0,11705000.0,6557.54613956,76636994385.49396,1589846397019,11619000.0,RISE,86000.0,86000.0,0.0074016697,0.0074016697
232,CRIX.UPBIT.KRW-BTC,2020-05-17T00:00:00+00:00,2020-05-17T09:00:00+09:00,11322000.0,11831000.0,11275000.0,11619000.0,5191.71177335,60280951872.94652,1589759997090,11325000.0,RISE,294000.0,294000.0,0.0259602649,0.0259602649
233,CRIX.UPBIT.KRW-BTC,2020-05-16T00:00:00+00:00,2020-05-16T09:00:00+09:00,11314000.0,11570000.0,11175000.0,11325000.0,4514.14006125,51370088939.91094,1589673598192,11314000.0,RISE,11000.0,11000.0,0.0009722468,0.0009722468
234,CRIX.UPBIT.KRW-BTC,2020-05-15T00:00:00+00:00,2020-05-15T09:00:00+09:00,11777000.0,11839000.0,11229000.0,11314000.0,8174.219288,93931677153.55693,1589587196700,11776000.0,FALL,462000.0,-462000.0,0.039232337,-0.039232337
235,CRIX.UPBIT.KRW-BTC,2020-05-14T00:00:00+00:00,2020-05-14T09:00:00+09:00,11265000.0,11945000.0,11215000.0,11776000.0,10116.56034255,117382662080.18298,1589500794522,11268000.0,RISE,508000.0,508000.0,0.0450834221,0.0450834221
236,CRIX.UPBIT.KRW-BTC,2020-05-13T00:00:00+00:00,2020-05-13T09:00:00+09:00,10680000.0,11347000.0,10660000.0,11268000.0,5944.67623229,65233296419.20462,1589414396333,10677000.0,RISE,591000.0,591000.0,0.0553526271,0.0553526271
237,CRIX.UPBIT.KRW-BTC,2020-05-12T00:00:00+00:00,2020-05-12T09:00:00+09:00,10441000.0,10866000.0,10400000.0,10677000.0,5819.8769528,61999569614.48859,1589327994705,10448000.0,RISE,229000.0,229000.0,0.0219180704,0.0219180704
238,CRIX.UPBIT.KRW-BTC,2020-05-11T00:00:00+00:00,2020-05-11T09:00:00+09:00,10672000.0,11248000.0,10121000.0,10448000.0,13828.24763273,147447309178.38083,1589241600116,10671000.0,FALL,223000.0,-223000.0,0.0208977603,-0.0208977603
239,CRIX.UPBIT.KRW-BTC,2020-05-10T00:00:00+00:00,2020-05-10T09:00:00+09:00,11553000.0,11600000.0,10220000.0,10671000.0,14835.99641846,158191134175.9349,1589155198595,11553000.0,FALL,882000.0,-882000.0,0.0763438068,-0.0763438068
240,CRIX.UPBIT.KRW-BTC,2020-05-09T00:00:00+00:00,2020-05-09T09:00:00+09:00,11881000.0,11950000.0,11477000.0,11550000.0,6605.95307729,77216475460.70932,1589068800167,11881000.0,FALL,331000.0,-331000.0,0.0278596078,-0.0278596078
241,CRIX.UPBIT.KRW-BTC,2020-05-08T00:00:00+00:00,2020-05-08T09:00:00+09:00,11988000.0,12163000.0,11810000.0,11881000.0,7019.78931565,84166531533.30441,1588982400226,11998000.0,FALL,117000.0,-117000.0,0.0097516253,-0.0097516253
242,CRIX.UPBIT.KRW-BTC,2020-05-07T00:00:00+00:00,2020-05-07T09:00:00+09:00,11269000.0,12062000.0,11128000.0,11998000.0,10671.04670395,123671894271.41872,1588896000145,11269000.0,RISE,729000.0,729000.0,0.0646907445,0.0646907445
243,CRIX.UPBIT.KRW-BTC,2020-05-06T00:00:00+00:00,2020-05-06T09:00:00+09:00,10967000.0,11445000.0,10879000.0,11269000.0,7257.03242322,80958950441.74101,1588809594725,10972000.0,RISE,297000.0,297000.0,0.0270689027,0.0270689027
244,CRIX.UPBIT.KRW-BTC,2020-05-05T00:00:00+00:00,2020-05-05T09:00:00+09:00,10837000.0,11020000.0,10740000.0,10972000.0,5217.54069649,56764303650.11487,1588723199464,10850000.0,RISE,122000.0,122000.0,0.0112442396,0.0112442396
245,CRIX.UPBIT.KRW-BTC,2020-05-04T00:00:00+00:00,2020-05-04T09:00:00+09:00,10882000.0,10955000.0,10451000.0,10850000.0,6138.50405855,65617970194.4403,1588636799341,10887000.0,FALL,37000.0,-37000.0,0.0033985487,-0.0033985487
246,CRIX.UPBIT.KRW-BTC,2020-05-03T00:00:00+00:00,2020-05-03T09:00:00+09:00,10881000.0,11125000.0,10696000.0,10887000.0,5450.49595586,59616651319.59256,1588550398482,10882000.0,RISE,5000.0,5000.0,0.0004594744,0.0004594744
247,CRIX.UPBIT.KRW-BTC,2020-05-02T00:00:00+00:00,2020-05-02T09:00:00+09:00,10773000.0,10938000.0,10640000.0,10882000.0,4199.29888037,45342652581.14126,1588463998522,10773000.0,RISE,109000.0,109000.0,0.0101178873,0.0101178873
248,CRIX.UPBIT.KRW-BTC,2020-05-01T00:00:00+00:00,2020-05-01T09:00:00+09:00,10477000.0,11049000.0,10458000.0,10773000.0,7311.8450116,78473555696.99442,1588377595579,10477000.0,RISE,296000.0,296000.0,0.0282523623,0.0282523623
249,CRIX.UPBIT.KRW-BTC,2020-04-30T00:00:00+00:00,2020-04-30T09:00:00+09:00,10530000.0,11435000.0,10279000.0,10477000.0,18049.43050523,195179858446.4715,1588291200393,10530000.0,FALL,53000.0,-53000.0,0.0050332384,-0.0050332384
250,CRIX.UPBIT.KRW-BTC,2020-04-29T00:00:00+00:00,2020-04-29T09:00:00+09:00,9410000.0,10681000.0,9376000.0,10530000.0,11013.08164828,110444379579.33873,1588204799403,9410000.0,RISE,1120000.0,1120000.0,0.1190223167,0.1190223167
251,CRIX.UPBIT.KRW-BTC,2020-04-28T00:00:00+00:00,2020-04-28T09:00:00+09:00,9490000.0,9497000.0,9339000.0,9410000.0,3693.3169669,34671169783.04715,1588118399738,9490000.0,FALL,80000.0,-80000.0,0.0084299262,-0.0084299262
252,CRIX.UPBIT.KRW-BTC,2020-04-27T00:00:00+00:00,2020-04-27T09:00:00+09:00,9376000.0,9495000.0,9313000.0,9490000.0,4609.29072228,43330227689.96457,1588031995213,9376000.0,RISE,114000.0,114000.0,0.0121587031,0.0121587031
253,CRIX.UPBIT.KRW-BTC,2020-04-26T00:00:00+00:00,2020-04-26T09:00:00+09:00,9155000.0,9377000.0,9149000.0,9376000.0,3784.44629212,34981047552.61548,1587945602506,9164000.0,RISE,212000.0,212000.0,0.0231340026,0.0231340026
254,CRIX.UPBIT.KRW-BTC,2020-04-25T00:00:00+00:00,2020-04-25T09:00:00+09:00,9100000.0,9280000.0,9060000.0,9164000.0,3113.15926538,28532180064.85698,1587859186331,9100000.0,RISE,64000.0,64000.0,0.007032967,0.007032967
255,CRIX.UPBIT.KRW-BTC,2020-04-24T00:00:00+00:00,2020-04-24T09:00:00+09:00,9052000.0,9231000.0,8985000.0,9100000.0,5226.5308807,47706101913.20312,1587772790861,9057000.0,RISE,43000.0,43000.0,0.004747709,0.004747709
256,CRIX.UPBIT.KRW-BTC,2020-04-23T00:00:00+00:00,2020-04-23T09:00:00+09:00,8640000.0,9167000.0,8567000.0,9057000.0,7418.27381504,65954842381.01504,1587686399564,8636000.0,RISE,421000.0,421000.0,0.048749421,0.048749421
257,CRIX.UPBIT.KRW-BTC,2020-04-22T00:00:00+00:00,2020-04-22T09:00:00+09:00,8407000.0,8675000.0,8384000.0,8636000.0,3244.89172282,27659407696.30417,1587599995404,8407000.0,RISE,229000.0,229000.0,0.0272392054,0.0272392054
258,CRIX.UPBIT.KRW-BTC,2020-04-21T00:00:00+00:00,2020-04-21T09:00:00+09:00,8387000.0,8498000.0,8300000.0,8407000.0,3426.08047539,28791068485.2382,1587513590815,8387000.0,RISE,20000.0,20000.0,0.0023846429,0.0023846429
259,CRIX.UPBIT.KRW-BTC,2020-04-20T00:00:00+00:00,2020-04-20T09:00:00+09:00,8660000.0,8720000.0,8366000.0,8387000.0,4451.04386799,38092530426.45303,1587427199039,8660000.0,FALL,273000.0,-273000.0,0.0315242494,-0.0315242494
260,CRIX.UPBIT.KRW-BTC,2020-04-19T00:00:00+00:00,2020-04-19T09:00:00+09:00,8712000.0,8734000.0,8546000.0,8660000.0,2777.53215337,24012550572.2958,1587340795956,8712000.0,FALL,52000.0,-52000.0,0.0059687787,-0.0059687787
261,CRIX.UPBIT.KRW-BTC,2020-04-18T00:00:00+00:00,2020-04-18T09:00:00+09:00,8519000.0,8752000.0,8510000.0,8712000.0,3336.68352877,28862336552.48961,1587254363300,8519000.0,RISE,193000.0,193000.0,0.0226552412,0.0226552412
262,CRIX.UPBIT.KRW-BTC,2020-04-17T00:00:00+00:00,2020-04-17T09:00:00+09:00,8557000.0,8611000.0,8480000.0,8519000.0,3897.44973793,33310417689.91315,1587167997646,8562000.0,FALL,43000.0,-43000.0,0.0050221911,-0.0050221911
263,CRIX.UPBIT.KRW-BTC,2020-04-16T00:00:00+00:00,2020-04-16T09:00:00+09:00,8107000.0,8621000.0,7929000.0,8562000.0,8091.89938013,67629188061.75458,1587081594886,8108000.0,RISE,454000.0,454000.0,0.0559940799,0.0559940799
264,CRIX.UPBIT.KRW-BTC,2020-04-15T00:00:00+00:00,2020-04-15T09:00:00+09:00,8375000.0,8415000.0,8089000.0,8108000.0,3098.61249041,25649898511.09893,1586995193883,8378000.0,FALL,270000.0,-270000.0,0.0322272619,-0.0322272619
265,CRIX.UPBIT.KRW-BTC,2020-04-14T00:00:00+00:00,2020-04-14T09:00:00+09:00,8379000.0,8456000.0,8272000.0,8378000.0,3625.16088474,30379576002.29706,1586908796981,8379000.0,FALL,1000.0,-1000.0,0.000119346,-0.000119346
266,CRIX.UPBIT.KRW-BTC,2020-04-13T00:00:00+00:00,2020-04-13T09:00:00+09:00,8464000.0,8472000.0,8162000.0,8379000.0,5377.6360057,44627031065.6945,1586822399667,8470000.0,FALL,91000.0,-91000.0,0.0107438017,-0.0107438017
267,CRIX.UPBIT.KRW-BTC,2020-04-12T00:00:00+00:00,2020-04-12T09:00:00+09:00,8463000.0,8752000.0,8341000.0,8470000.0,4191.06001998,35752626298.30619,1586735995946,8463000.0,RISE,7000.0,7000.0,0.0008271299,0.0008271299
268,CRIX.UPBIT.KRW-BTC,2020-04-11T00:00:00+00:00,2020-04-11T09:00:00+09:00,8413000.0,8535000.0,8318000.0,8463000.0,2654.49523735,22368574096.73553,1586649598279,8414000.0,RISE,49000.0,49000.0,0.0058236273,0.0058236273
269,CRIX.UPBIT.KRW-BTC,2020-04-10T00:00:00+00:00,2020-04-10T09:00:00+09:00,8803000.0,8825000.0,8241000.0,8414000.0,6529.56215242,55351728618.89104,1586563195365,8804000.0,FALL,390000.0,-390000.0,0.0442980463,-0.0442980463
270,CRIX.UPBIT.KRW-BTC,2020-04-09T00:00:00+00:00,2020-04-09T09:00:00+09:00,8821000.0,8853000.0,8648000.0,8804000.0,4206.92418803,36987971406.59018,1586476794684,8821000.0,FALL,17000.0,-17000.0,0.0019272191,-0.0019272191
271,CRIX.UPBIT.KRW-BTC,2020-04-08T00:00:00+00:00,2020-04-08T09:00:00+09:00,8652000.0,8913000.0,8621000.0,8821000.0,5003.68118787,43997731887.30369,1586390399315,8660000.0,RISE,161000.0,161000.0,0.018591224,0.018591224
272,CRIX.UPBIT.KRW-BTC,2020-04-07T00:00:00+00:00,2020-04-07T09:00:00+09:00,8777000.0,8957000.0,8544000.0,8660000.0,8498.13271433,74538410402.35628,1586304000046,8786000.0,FALL,126000.0,-126000.0,0.014340997,-0.014340997
273,CRIX.UPBIT.KRW-BTC,2020-04-06T00:00:00+00:00,2020-04-06T09:00:00+09:00,8198000.0,8800000.0,8183000.0,8786000.0,8571.0711143,72706844879.92377,1586217597930,8198000.0,RISE,588000.0,588000.0,0.0717248109,0.0717248109
274,CRIX.UPBIT.KRW-BTC,2020-04-05T00:00:00+00:00,2020-04-05T09:00:00+09:00,8248000.0,8280000.0,8100000.0,8198000.0,2884.40931408,23644907828.99628,1586131197225,8249000.0,FALL,51000.0,-51000.0,0.0061825676,-0.0061825676
275,CRIX.UPBIT.KRW-BTC,2020-04-04T00:00:00+00:00,2020-04-04T09:00:00+09:00,8149000.0,8333000.0,8100000.0,8249000.0,3955.73334087,32433052095.35902,1586044784820,8156000.0,RISE,93000.0,93000.0,0.0114026484,0.0114026484
276,CRIX.UPBIT.KRW-BTC,2020-04-03T00:00:00+00:00,2020-04-03T09:00:00+09:00,8160000.0,8434000.0,8041000.0,8156000.0,7822.87703206,64473002955.66061,1585958394533,8174000.0,FALL,18000.0,-18000.0,0.0022021042,-0.0022021042
277,CRIX.UPBIT.KRW-BTC,2020-04-02T00:00:00+00:00,2020-04-02T09:00:00+09:00,8065000.0,8505000.0,7989000.0,8174000.0,12240.95376526,100090375777.17305,1585871997620,8074000.0,RISE,100000.0,100000.0,0.0123854347,0.0123854347
278,CRIX.UPBIT.KRW-BTC,2020-04-01T00:00:00+00:00,2020-04-01T09:00:00+09:00,7799000.0,8096000.0,7529000.0,8074000.0,6726.18023048,52150557186.0416,1585785597269,7799000.0,RISE,275000.0,275000.0,0.0352609309,0.0352609309
279,CRIX.UPBIT.KRW-BTC,2020-03-31T00:00:00+00:00,2020-03-31T09:00:00+09:00,7794000.0,7989000.0,7735000.0,7799000.0,6667.69225968,52283714552.81296,1585699199936,7798000.0,RISE,1000.0,1000.0,0.000128238,0.000128238
280,CRIX.UPBIT.KRW-BTC,2020-03-30T00:00:00+00:00,2020-03-30T09:00:00+09:00,7218000.0,8014000.0,7199000.0,7798000.0,9173.56085136,70373556933.76357,1585612799705,7218000.0,RISE,580000.0,580000.0,0.0803546689,0.0803546689
281,CRIX.UPBIT.KRW-BTC,2020-03-29T00:00:00+00:00,2020-03-29T09:00:00+09:00,7658000.0,7679000.0,7215000.0,7218000.0,4443.49787898,33144434809.19465,1585526399372,7656000.0,FALL,438000.0,-438000.0,0.0572100313,-0.0572100313
282,CRIX.UPBIT.KRW-BTC,2020-03-28T00:00:00+00:00,2020-03-28T09:00:00+09:00,7883000.0,7885000.0,7403000.0,7656000.0,7702.10233717,58835916140.38488,1585440000078,7880000.0,FALL,224000.0,-224000.0,0.0284263959,-0.0284263959
283,CRIX.UPBIT.KRW-BTC,2020-03-27T00:00:00+00:00,2020-03-27T09:00:00+09:00,8281000.0,8365000.0,7820000.0,7880000.0,6749.55305514,55144155849.46984,1585353598482,8272000.0,FALL,392000.0,-392000.0,0.0473887814,-0.0473887814
284,CRIX.UPBIT.KRW-BTC,2020-03-26T00:00:00+00:00,2020-03-26T09:00:00+09:00,8276000.0,8344000.0,8091000.0,8272000.0,6160.81327022,50572458751.8524,1585267195964,8271000.0,RISE,1000.0,1000.0,0.0001209044,0.0001209044
285,CRIX.UPBIT.KRW-BTC,2020-03-25T00:00:00+00:00,2020-03-25T09:00:00+09:00,8362000.0,8538000.0,8080000.0,8271000.0,12629.11800824,104387572650.63805,1585180799616,8367000.0,FALL,96000.0,-96000.0,0.0114736465,-0.0114736465
286,CRIX.UPBIT.KRW-BTC,2020-03-24T00:00:00+00:00,2020-03-24T09:00:00+09:00,8047000.0,8412000.0,7892000.0,8367000.0,15158.03958932,124421564467.6691,1585094390394,8047000.0,RISE,320000.0,320000.0,0.0397663726,0.0397663726
287,CRIX.UPBIT.KRW-BTC,2020-03-23T00:00:00+00:00,2020-03-23T09:00:00+09:00,7379000.0,8189000.0,7219000.0,8047000.0,16867.52953401,130578086382.88248,1585008000071,7366000.0,RISE,681000.0,681000.0,0.0924518056,0.0924518056
288,CRIX.UPBIT.KRW-BTC,2020-03-22T00:00:00+00:00,2020-03-22T09:00:00+09:00,7740000.0,7970000.0,7335000.0,7366000.0,8795.77503858,67529265090.97894,1584921596897,7740000.0,FALL,374000.0,-374000.0,0.0483204134,-0.0483204134
289,CRIX.UPBIT.KRW-BTC,2020-03-21T00:00:00+00:00,2020-03-21T09:00:00+09:00,7788000.0,8093000.0,7415000.0,7740000.0,11663.73945474,90568223997.41066,1584835199060,7781000.0,FALL,41000.0,-41000.0,0.0052692456,-0.0052692456
290,CRIX.UPBIT.KRW-BTC,2020-03-20T00:00:00+00:00,2020-03-20T09:00:00+09:00,7675000.0,8645000.0,7384000.0,7781000.0,24142.35878974,193507467825.9072,1584748799703,7679000.0,RISE,102000.0,102000.0,0.0132829796,0.0132829796
291,CRIX.UPBIT.KRW-BTC,2020-03-19T00:00:00+00:00,2020-03-19T09:00:00+09:00,6747000.0,8111000.0,6613000.0,7679000.0,22522.27502999,163162496920.4249,1584662399647,6745000.0,RISE,934000.0,934000.0,0.1384729429,0.1384729429
292,CRIX.UPBIT.KRW-BTC,2020-03-18T00:00:00+00:00,2020-03-18T09:00:00+09:00,6774000.0,6895000.0,6371000.0,6745000.0,13630.45744463,90178224521.26544,1584575991601,6774000.0,FALL,29000.0,-29000.0,0.0042810747,-0.0042810747
293,CRIX.UPBIT.KRW-BTC,2020-03-17T00:00:00+00:00,2020-03-17T09:00:00+09:00,6385000.0,6885000.0,6280000.0,6774000.0,14938.32946615,99557225303.8215,1584489599428,6385000.0,RISE,389000.0,389000.0,0.0609240407,0.0609240407
294,CRIX.UPBIT.KRW-BTC,2020-03-16T00:00:00+00:00,2020-03-16T09:00:00+09:00,6905000.0,6914000.0,6000000.0,6385000.0,19383.80784892,123963673882.0257,1584403199981,6909000.0,FALL,524000.0,-524000.0,0.0758431032,-0.0758431032
295,CRIX.UPBIT.KRW-BTC,2020-03-15T00:00:00+00:00,2020-03-15T09:00:00+09:00,6823000.0,7298000.0,6660000.0,6909000.0,10779.97008444,74519102976.46239,1584316799892,6823000.0,RISE,86000.0,86000.0,0.0126044262,0.0126044262
296,CRIX.UPBIT.KRW-BTC,2020-03-14T00:00:00+00:00,2020-03-14T09:00:00+09:00,7261000.0,7284000.0,6600000.0,6823000.0,12799.58220451,89133217358.10507,1584230400065,7267000.0,FALL,444000.0,-444000.0,0.0610981148,-0.0610981148
297,CRIX.UPBIT.KRW-BTC,2020-03-13T00:00:00+00:00,2020-03-13T09:00:00+09:00,6362000.0,7470000.0,5489000.0,7267000.0,50282.2630063,338082041287.79266,1584143999212,6363000.0,RISE,904000.0,904000.0,0.14207135,0.14207135
298,CRIX.UPBIT.KRW-BTC,2020-03-12T00:00:00+00:00,2020-03-12T09:00:00+09:00,9507000.0,9537000.0,5980000.0,6363000.0,29866.02509793,235086071483.29202,1584057600154,9510000.0,FALL,3147000.0,-3147000.0,0.3309148265,-0.3309148265
299,CRIX.UPBIT.KRW-BTC,2020-03-11T00:00:00+00:00,2020-03-11T09:00:00+09:00,9574000.0,9637000.0,9163000.0,9510000.0,4110.01716377,38718191633.9791,1583971200076,9574000.0,FALL,64000.0,-64000.0,0.0066847713,-0.0066847713
300,CRIX.UPBIT.KRW-BTC,2020-03-10T00:00:00+00:00,2020-03-10T09:00:00+09:00,9726000.0,9849000.0,9413000.0,9574000.0,4439.33233281,42778061109.16792,1583884800051,9726000.0,FALL,152000.0,-152000.0,0.015628213,-0.015628213
301,CRIX.UPBIT.KRW-BTC,2020-03-09T00:00:00+00:00,2020-03-09T09:00:00+09:00,9883000.0,10064000.0,9356000.0,9726000.0,7692.57580749,74351398658.28822,1583798399949,9876000.0,FALL,150000.0,-150000.0,0.0151883354,-0.0151883354
302,CRIX.UPBIT.KRW-BTC,2020-03-08T00:00:00+00:00,2020-03-08T09:00:00+09:00,10678000.0,10699000.0,9820000.0,9876000.0,5043.98089229,51846074009.69201,1583711999532,10678000.0,FALL,802000.0,-802000.0,0.0751076981,-0.0751076981
303,CRIX.UPBIT.KRW-BTC,2020-03-07T00:00:00+00:00,2020-03-07T09:00:00+09:00,10852000.0,10980000.0,10648000.0,10678000.0,2335.98366227,25243997328.05842,1583625596264,10840000.0,FALL,162000.0,-162000.0,0.0149446494,-0.0149446494
304,CRIX.UPBIT.KRW-BTC,2020-03-06T00:00:00+00:00,2020-03-06T09:00:00+09:00,10791000.0,10890000.0,10720000.0,10840000.0,2353.86089792,25470551278.05139,1583539182998,10791000.0,RISE,49000.0,49000.0,0.0045408211,0.0045408211
305,CRIX.UPBIT.KRW-BTC,2020-03-05T00:00:00+00:00,2020-03-05T09:00:00+09:00,10504000.0,10869000.0,10494000.0,10791000.0,3582.13634673,38380097237.09234,1583452799537,10503000.0,RISE,288000.0,288000.0,0.0274207369,0.0274207369
306,CRIX.UPBIT.KRW-BTC,2020-03-04T00:00:00+00:00,2020-03-04T09:00:00+09:00,10502000.0,10588000.0,10420000.0,10503000.0,2250.68759875,23622827783.23433,1583366396531,10502000.0,RISE,1000.0,1000.0,9.522e-05,9.522e-05
307,CRIX.UPBIT.KRW-BTC,2020-03-03T00:00:00+00:00,2020-03-03T09:00:00+09:00,10675000.0,10689000.0,10405000.0,10502000.0,2858.43820794,30119548760.45767,1583279999881,10675000.0,FALL,173000.0,-173000.0,0.016206089,-0.016206089
308,CRIX.UPBIT.KRW-BTC,2020-03-02T00:00:00+00:00,2020-03-02T09:00:00+09:00,10358000.0,10749000.0,10326000.0,10675000.0,3010.56353784,31672027841.03262,1583193600020,10374000.0,RISE,301000.0,301000.0,0.0290148448,0.0290148448
309,CRIX.UPBIT.KRW-BTC,2020-03-01T00:00:00+00:00,2020-03-01T09:00:00+09:00,10380000.0,10559000.0,10287000.0,10374000.0,3275.71519136,34073229456.85715,1583107200097,10374000.0,EVEN,0.0,,0.0,0.0
310,CRIX.UPBIT.KRW-BTC,2020-02-29T00:00:00+00:00,2020-02-29T09:00:00+09:00,10575000.0,10631000.0,10371000.0,10374000.0,2145.36310753,22523893822.66752,1583020800101,10575000.0,FALL,201000.0,-201000.0,0.0190070922,-0.0190070922
311,CRIX.UPBIT.KRW-BTC,2020-02-28T00:00:00+00:00,2020-02-28T09:00:00+09:00,10696000.0,10840000.0,10306000.0,10575000.0,5181.61535688,54606619565.01113,1582934393990,10699000.0,FALL,124000.0,-124000.0,0.0115898682,-0.0115898682
312,CRIX.UPBIT.KRW-BTC,2020-02-27T00:00:00+00:00,2020-02-27T09:00:00+09:00,10742000.0,10888000.0,10313000.0,10699000.0,6437.73425905,68530906781.28176,1582847997555,10741000.0,FALL,42000.0,-42000.0,0.0039102504,-0.0039102504
313,CRIX.UPBIT.KRW-BTC,2020-02-26T00:00:00+00:00,2020-02-26T09:00:00+09:00,11330000.0,11408000.0,10628000.0,10741000.0,7477.71264507,82455216388.6713,1582761597275,11330000.0,FALL,589000.0,-589000.0,0.0519858782,-0.0519858782
314,CRIX.UPBIT.KRW-BTC,2020-02-25T00:00:00+00:00,2020-02-25T09:00:00+09:00,11635000.0,11639000.0,11280000.0,11330000.0,3895.25756826,44619424372.32915,1582675199425,11633000.0,FALL,303000.0,-303000.0,0.0260465916,-0.0260465916
315,CRIX.UPBIT.KRW-BTC,2020-02-24T00:00:00+00:00,2020-02-24T09:00:00+09:00,11753000.0,11840000.0,11555000.0,11633000.0,3115.02855796,36343856049.82913,1582588794039,11753000.0,FALL,120000.0,-120000.0,0.0102101591,-0.0102101591
316,CRIX.UPBIT.KRW-BTC,2020-02-23T00:00:00+00:00,2020-02-23T09:00:00+09:00,11495000.0,11831000.0,11482000.0,11753000.0,3288.45979643,38424742191.869,1582502400102,11496000.0,RISE,257000.0,257000.0,0.0223556019,0.0223556019
317,CRIX.UPBIT.KRW-BTC,2020-02-22T00:00:00+00:00,2020-02-22T09:00:00+09:00,11498000.0,11529000.0,11395000.0,11496000.0,1836.08707185,21067376074.52816,1582415999569,11498000.0,FALL,2000.0,-2000.0,0.0001739433,-0.0001739433
318,CRIX.UPBIT.KRW-BTC,2020-02-21T00:00:00+00:00,2020-02-21T09:00:00+09:00,11532000.0,11620000.0,11454000.0,11498000.0,4249.29863364,49077437552.63174,1582329593954,11520000.0,FALL,22000.0,-22000.0,0.0019097222,-0.0019097222
319,CRIX.UPBIT.KRW-BTC,2020-02-20T00:00:00+00:00,2020-02-20T09:00:00+09:00,11419000.0,11580000.0,11350000.0,11520000.0,6303.71044042,72234337182.59335,1582243197876,11415000.0,RISE,105000.0,105000.0,0.0091984231,0.0091984231
320,CRIX.UPBIT.KRW-BTC,2020-02-19T00:00:00+00:00,2020-02-19T09:00:00+09:00,11837000.0,11973000.0,11350000.0,11415000.0,5713.59402305,67070310930.24622,1582156787770,11838000.0,FALL,423000.0,-423000.0,0.0357323872,-0.0357323872
321,CRIX.UPBIT.KRW-BTC,2020-02-18T00:00:00+00:00,2020-02-18T09:00:00+09:00,11438000.0,11900000.0,11308000.0,11838000.0,5450.8758839,62996029296.63419,1582070399303,11438000.0,RISE,400000.0,400000.0,0.0349711488,0.0349711488
322,CRIX.UPBIT.KRW-BTC,2020-02-17T00:00:00+00:00,2020-02-17T09:00:00+09:00,11659000.0,11691000.0,11136000.0,11438000.0,5888.97179664,67010421516.05557,1581983999287,11659000.0,FALL,221000.0,-221000.0,0.0189553135,-0.0189553135
323,CRIX.UPBIT.KRW-BTC,2020-02-16T00:00:00+00:00,2020-02-16T09:00:00+09:00,11513000.0,11766000.0,11320000.0,11659000.0,5377.24392055,61959756344.30487,1581897599377,11503000.0,RISE,156000.0,156000.0,0.0135616796,0.0135616796
324,CRIX.UPBIT.KRW-BTC,2020-02-15T00:00:00+00:00,2020-02-15T09:00:00+09:00,11857000.0,11889000.0,11400000.0,11503000.0,4844.00618252,56761104058.12535,1581811198214,11845000.0,FALL,342000.0,-342000.0,0.0288729422,-0.0288729422
325,CRIX.UPBIT.KRW-BTC,2020-02-14T00:00:00+00:00,2020-02-14T09:00:00+09:00,11793000.0,11899000.0,11717000.0,11845000.0,4420.81384236,52247414483.7466,1581724798962,11793000.0,RISE,52000.0,52000.0,0.0044093954,0.0044093954
326,CRIX.UPBIT.KRW-BTC,2020-02-13T00:00:00+00:00,2020-02-13T09:00:00+09:00,11793000.0,12044000.0,11580000.0,11793000.0,9190.66395973,108560211308.22157,1581638395350,11793000.0,EVEN,0.0,,0.0,0.0
327,CRIX.UPBIT.KRW-BTC,2020-02-12T00:00:00+00:00,2020-02-12T09:00:00+09:00,11820000.0,11956000.0,11761000.0,11793000.0,6619.13819041,78341582233.6628,1581551999835,11819000.0,FALL,26000.0,-26000.0,0.0021998477,-0.0021998477
328,CRIX.UPBIT.KRW-BTC,2020-02-11T00:00:00+00:00,2020-02-11T09:00:00+09:00,11520000.0,11950000.0,11269000.0,11819000.0,6034.79122331,69984450456.1307,1581465600081,11520000.0,RISE,299000.0,299000.0,0.0259548611,0.0259548611
329,CRIX.UPBIT.KRW-BTC,2020-02-10T00:00:00+00:00,2020-02-10T09:00:00+09:00,11821000.0,11864000.0,11392000.0,11520000.0,5213.48423455,60459892531.15172,1581379199299,11821000.0,FALL,301000.0,-301000.0,0.0254631588,-0.0254631588
330,CRIX.UPBIT.KRW-BTC,2020-02-09T00:00:00+00:00,2020-02-09T09:00:00+09:00,11568000.0,11863000.0,11567000.0,11821000.0,4936.95291749,57924089180.77049,1581292799941,11568000.0,RISE,253000.0,253000.0,0.0218706777,0.0218706777
331,CRIX.UPBIT.KRW-BTC,2020-02-08T00:00:00+00:00,2020-02-08T09:00:00+09:00,11490000.0,11600000.0,11257000.0,11568000.0,4372.50942089,49928407922.05405,1581206398347,11490000.0,RISE,78000.0,78000.0,0.0067885117,0.0067885117
332,CRIX.UPBIT.KRW-BTC,2020-02-07T00:00:00+00:00,2020-02-07T09:00:00+09:00,11269000.0,11610000.0,11256000.0,11490000.0,4139.85704717,47385485847.47539,1581119999892,11264000.0,RISE,226000.0,226000.0,0.0200639205,0.0200639205
333,CRIX.UPBIT.KRW-BTC,2020-02-06T00:00:00+00:00,2020-02-06T09:00:00+09:00,11068000.0,11410000.0,10905000.0,11264000.0,5742.27238319,64300123937.46006,1581033597457,11054000.0,RISE,210000.0,210000.0,0.0189976479,0.0189976479
334,CRIX.UPBIT.KRW-BTC,2020-02-05T00:00:00+00:00,2020-02-05T09:00:00+09:00,10636000.0,11116000.0,10589000.0,11054000.0,5644.68431028,61300553914.19267,1580947199426,10635000.0,RISE,419000.0,419000.0,0.0393982134,0.0393982134
335,CRIX.UPBIT.KRW-BTC,2020-02-04T00:00:00+00:00,2020-02-04T09:00:00+09:00,10750000.0,10790000.0,10504000.0,10635000.0,4273.50735062,45509665494.21313,1580860791346,10750000.0,FALL,115000.0,-115000.0,0.0106976744,-0.0106976744
336,CRIX.UPBIT.KRW-BTC,2020-02-03T00:00:00+00:00,2020-02-03T09:00:00+09:00,10765000.0,10975000.0,10715000.0,10750000.0,3683.40186368,39872569783.4332,1580774394261,10765000.0,FALL,15000.0,-15000.0,0.0013934046,-0.0013934046
337,CRIX.UPBIT.KRW-BTC,2020-02-02T00:00:00+00:00,2020-02-02T09:00:00+09:00,10820000.0,10887000.0,10680000.0,10765000.0,3318.26175912,35841614441.05652,1580687988525,10820000.0,FALL,55000.0,-55000.0,0.0050831793,-0.0050831793
338,CRIX.UPBIT.KRW-BTC,2020-02-01T00:00:00+00:00,2020-02-01T09:00:00+09:00,10781000.0,10918000.0,10770000.0,10820000.0,2886.0973791,31294876435.39403,1580601590032,10781000.0,RISE,39000.0,39000.0,0.0036174752,0.0036174752
339,CRIX.UPBIT.KRW-BTC,2020-01-31T00:00:00+00:00,2020-01-31T09:00:00+09:00,10778000.0,10841000.0,10642000.0,10781000.0,3618.06000067,38857928207.28571,1580515200123,10779000.0,RISE,2000.0,2000.0,0.000185546,0.000185546
340,CRIX.UPBIT.KRW-BTC,2020-01-30T00:00:00+00:00,2020-01-30T09:00:00+09:00,10670000.0,10882000.0,10520000.0,10779000.0,5029.07029051,53656097225.64684,1580428799969,10670000.0,RISE,109000.0,109000.0,0.0102155576,0.0102155576
341,CRIX.UPBIT.KRW-BTC,2020-01-29T00:00:00+00:00,2020-01-29T09:00:00+09:00,10570000.0,10780000.0,10500000.0,10670000.0,5305.29886421,56351664844.84832,1580342395920,10570000.0,RISE,100000.0,100000.0,0.0094607379,0.0094607379
342,CRIX.UPBIT.KRW-BTC,2020-01-28T00:00:00+00:00,2020-01-28T09:00:00+09:00,10128000.0,10601000.0,10127000.0,10570000.0,6620.77416871,68462839033.31838,1580256000058,10132000.0,RISE,438000.0,438000.0,0.0432293723,0.0432293723
343,CRIX.UPBIT.KRW-BTC,2020-01-27T00:00:00+00:00,2020-01-27T09:00:00+09:00,9966000.0,10277000.0,9948000.0,10132000.0,4801.26130294,48415199217.52405,1580169597744,9966000.0,RISE,166000.0,166000.0,0.0166566326,0.0166566326
344,CRIX.UPBIT.KRW-BTC,2020-01-26T00:00:00+00:00,2020-01-26T09:00:00+09:00,9745000.0,9986000.0,9700000.0,9966000.0,2221.71968044,21899391391.92468,1580083197782,9745000.0,RISE,221000.0,221000.0,0.0226782966,0.0226782966
345,CRIX.UPBIT.KRW-BTC,2020-01-25T00:00:00+00:00,2020-01-25T09:00:00+09:00,9816000.0,9816000.0,9669000.0,9745000.0,1443.81660204,14030173932.57782,1579996800118,9813000.0,FALL,68000.0,-68000.0,0.0069295832,-0.0069295832
346,CRIX.UPBIT.KRW-BTC,2020-01-24T00:00:00+00:00,2020-01-24T09:00:00+09:00,9750000.0,9885000.0,9631000.0,9813000.0,2941.43472294,28685136535.53574,1579910394112,9750000.0,RISE,63000.0,63000.0,0.0064615385,0.0064615385
347,CRIX.UPBIT.KRW-BTC,2020-01-23T00:00:00+00:00,2020-01-23T09:00:00+09:00,9922000.0,9930000.0,9623000.0,9750000.0,3630.5273721,35440547073.00841,1579823998142,9922000.0,FALL,172000.0,-172000.0,0.0173352147,-0.0173352147
348,CRIX.UPBIT.KRW-BTC,2020-01-22T00:00:00+00:00,2020-01-22T09:00:00+09:00,9960000.0,10091000.0,9845000.0,9922000.0,2972.58459218,29600935084.98802,1579737598625,9958000.0,FALL,36000.0,-36000.0,0.0036151838,-0.0036151838
349,CRIX.UPBIT.KRW-BTC,2020-01-21T00:00:00+00:00,2020-01-21T09:00:00+09:00,9856000.0,10014000.0,9800000.0,9958000.0,2842.75512757,28124677203.53503,1579651199456,9851000.0,RISE,107000.0,107000.0,0.0108618414,0.0108618414
350,CRIX.UPBIT.KRW-BTC,2020-01-20T00:00:00+00:00,2020-01-20T09:00:00+09:00,9886000.0,9951000.0,9775000.0,9851000.0,3320.61609519,32790031642.56386,1579564797912,9887000.0,FALL,36000.0,-36000.0,0.0036411449,-0.0036411449
351,CRIX.UPBIT.KRW-BTC,2020-01-19T00:00:00+00:00,2020-01-19T09:00:00+09:00,10085000.0,10484000.0,9734000.0,9887000.0,8567.01218693,86262593734.9222,1579478399456,10085000.0,FALL,198000.0,-198000.0,0.0196331185,-0.0196331185
352,CRIX.UPBIT.KRW-BTC,2020-01-18T00:00:00+00:00,2020-01-18T09:00:00+09:00,9997000.0,10167000.0,9900000.0,10085000.0,3865.42130063,38838416041.82468,1579391996796,9992000.0,RISE,93000.0,93000.0,0.009307446,0.009307446
353,CRIX.UPBIT.KRW-BTC,2020-01-17T00:00:00+00:00,2020-01-17T09:00:00+09:00,9789000.0,10216000.0,9719000.0,9992000.0,8319.12836052,83412175524.28444,1579305598505,9785000.0,RISE,207000.0,207000.0,0.0211548288,0.0211548288
354,CRIX.UPBIT.KRW-BTC,2020-01-16T00:00:00+00:00,2020-01-16T09:00:00+09:00,9735000.0,9855000.0,9561000.0,9785000.0,4081.48265366,39665434450.60096,1579219192851,9735000.0,RISE,50000.0,50000.0,0.0051361068,0.0051361068
355,CRIX.UPBIT.KRW-BTC,2020-01-15T00:00:00+00:00,2020-01-15T09:00:00+09:00,9716000.0,9917000.0,9498000.0,9735000.0,8125.75207139,79085766458.35992,1579132796469,9716000.0,RISE,19000.0,19000.0,0.0019555373,0.0019555373
356,CRIX.UPBIT.KRW-BTC,2020-01-14T00:00:00+00:00,2020-01-14T09:00:00+09:00,9179000.0,9859000.0,9162000.0,9716000.0,11554.39037004,110231380420.97162,1579046400104,9172000.0,RISE,544000.0,544000.0,0.0593109464,0.0593109464
357,CRIX.UPBIT.KRW-BTC,2020-01-13T00:00:00+00:00,2020-01-13T09:00:00+09:00,9218000.0,9227000.0,9101000.0,9172000.0,1991.09310408,18249005011.62269,1578959990979,9213000.0,FALL,41000.0,-41000.0,0.0044502334,-0.0044502334
358,CRIX.UPBIT.KRW-BTC,2020-01-12T00:00:00+00:00,2020-01-12T09:00:00+09:00,9066000.0,9250000.0,9014000.0,9213000.0,2412.74898932,22101988619.26872,1578873598427,9060000.0,RISE,153000.0,153000.0,0.0168874172,0.0168874172
359,CRIX.UPBIT.KRW-BTC,2020-01-11T00:00:00+00:00,2020-01-11T09:00:00+09:00,9218000.0,9350000.0,9047000.0,9060000.0,4233.99262116,38861047625.40993,1578787173495,9233000.0,FALL,173000.0,-173000.0,0.0187371385,-0.0187371385
360,CRIX.UPBIT.KRW-BTC,2020-01-10T00:00:00+00:00,2020-01-10T09:00:00+09:00,8940000.0,9250000.0,8750000.0,9233000.0,6980.82897357,62925329692.41817,1578700788539,8941000.0,RISE,292000.0,292000.0,0.0326585393,0.0326585393
361,CRIX.UPBIT.KRW-BTC,2020-01-09T00:00:00+00:00,2020-01-09T09:00:00+09:00,9084000.0,9142000.0,8900000.0,8941000.0,5174.23891081,46561753849.07573,1578614395853,9085000.0,FALL,144000.0,-144000.0,0.0158503027,-0.0158503027
362,CRIX.UPBIT.KRW-BTC,2020-01-08T00:00:00+00:00,2020-01-08T09:00:00+09:00,9386000.0,9736000.0,9030000.0,9085000.0,13024.51495279,123019277437.88495,1578527998203,9398000.0,FALL,313000.0,-313000.0,0.0333049585,-0.0333049585
363,CRIX.UPBIT.KRW-BTC,2020-01-07T00:00:00+00:00,2020-01-07T09:00:00+09:00,8866000.0,9444000.0,8865000.0,9398000.0,8896.19194694,80878156552.8778,1578441599226,8866000.0,RISE,532000.0,532000.0,0.0600045116,0.0600045116
364,CRIX.UPBIT.KRW-BTC,2020-01-06T00:00:00+00:00,2020-01-06T09:00:00+09:00,8451000.0,8890000.0,8446000.0,8866000.0,5340.14041587,46379071124.21256,1578355200008,8454000.0,RISE,412000.0,412000.0,0.0487343269,0.0487343269
365,CRIX.UPBIT.KRW-BTC,2020-01-05T00:00:00+00:00,2020-01-05T09:00:00+09:00,8483000.0,8645000.0,8436000.0,8454000.0,2807.832172,24039161184.35222,1578268788318,8482000.0,FALL,28000.0,-28000.0,0.0033011082,-0.0033011082
366,CRIX.UPBIT.KRW-BTC,2020-01-04T00:00:00+00:00,2020-01-04T09:00:00+09:00,8476000.0,8520000.0,8382000.0,8482000.0,1987.26688134,16789801499.44245,1578182396210,8474000.0,RISE,8000.0,8000.0,0.0009440642,0.0009440642
367,CRIX.UPBIT.KRW-BTC,2020-01-03T00:00:00+00:00,2020-01-03T09:00:00+09:00,8038000.0,8525000.0,7910000.0,8474000.0,5887.00880804,49021606425.72705,1578095999682,8037000.0,RISE,437000.0,437000.0,0.0543735225,0.0543735225
368,CRIX.UPBIT.KRW-BTC,2020-01-02T00:00:00+00:00,2020-01-02T09:00:00+09:00,8300000.0,8310000.0,8026000.0,8037000.0,2054.03956598,16790797168.07339,1578009598509,8300000.0,FALL,263000.0,-263000.0,0.031686747,-0.031686747
369,CRIX.UPBIT.KRW-BTC,2020-01-01T00:00:00+00:00,2020-01-01T09:00:00+09:00,8308000.0,8387000.0,8287000.0,8300000.0,1030.45814676,8582255396.02558,1577923175832,8312000.0,FALL,12000.0,-12000.0,0.0014436959,-0.0014436959
370,CRIX.UPBIT.KRW-BTC,2019-12-31T00:00:00+00:00,2019-12-31T09:00:00+09:00,8343000.0,8439000.0,8260000.0,8312000.0,1846.5409191,15395058519.21328,1577836799562,8341000.0,FALL,29000.0,-29000.0,0.0034768013,-0.0034768013
371,CRIX.UPBIT.KRW-BTC,2019-12-30T00:00:00+00:00,2019-12-30T09:00:00+09:00,8486000.0,8496000.0,8331000.0,8341000.0,2355.80361501,19849732355.62998,1577750373055,8486000.0,FALL,145000.0,-145000.0,0.0170869668,-0.0170869668
372,CRIX.UPBIT.KRW-BTC,2019-12-29T00:00:00+00:00,2019-12-29T09:00:00+09:00,8428000.0,8639000.0,8388000.0,8486000.0,2486.01610538,21095568479.77485,1577663995877,8432000.0,RISE,54000.0,54000.0,0.0064041746,0.0064041746
373,CRIX.UPBIT.KRW-BTC,2019-12-28T00:00:00+00:00,2019-12-28T09:00:00+09:00,8385000.0,8479000.0,8376000.0,8432000.0,1725.5127045,14554673138.96279,1577577593132,8385000.0,RISE,47000.0,47000.0,0.0056052475,0.0056052475
374,CRIX.UPBIT.KRW-BTC,2019-12-27T00:00:00+00:00,2019-12-27T09:00:00+09:00,8367000.0,8424000.0,8195000.0,8385000.0,2402.06470551,20006753451.82146,1577491199428,8371000.0,RISE,14000.0,14000.0,0.0016724406,0.0016724406
375,CRIX.UPBIT.KRW-BTC,2019-12-26T00:00:00+00:00,2019-12-26T09:00:00+09:00,8370000.0,8595000.0,8317000.0,8371000.0,2740.2112794,23015609826.01268,1577404779810,8370000.0,RISE,1000.0,1000.0,0.0001194743,0.0001194743
376,CRIX.UPBIT.KRW-BTC,2019-12-25T00:00:00+00:00,2019-12-25T09:00:00+09:00,8460000.0,8471000.0,8317000.0,8370000.0,1857.22709208,15603911383.43883,1577318393434,8470000.0,FALL,100000.0,-100000.0,0.0118063754,-0.0118063754
377,CRIX.UPBIT.KRW-BTC,2019-12-24T00:00:00+00:00,2019-12-24T09:00:00+09:00,8520000.0,8630000.0,8354000.0,8470000.0,3635.40093186,30918612123.69409,1577231983353,8520000.0,FALL,50000.0,-50000.0,0.0058685446,-0.0058685446
378,CRIX.UPBIT.KRW-BTC,2019-12-23T00:00:00+00:00,2019-12-23T09:00:00+09:00,8688000.0,8890000.0,8456000.0,8520000.0,5451.7473576,47475904169.37631,1577145597852,8689000.0,FALL,169000.0,-169000.0,0.0194498792,-0.0194498792
379,CRIX.UPBIT.KRW-BTC,2019-12-22T00:00:00+00:00,2019-12-22T09:00:00+09:00,8295000.0,8696000.0,8277000.0,8689000.0,2717.8458866,23008097682.24533,1577059193531,8295000.0,RISE,394000.0,394000.0,0.0474984931,0.0474984931
380,CRIX.UPBIT.KRW-BTC,2019-12-21T00:00:00+00:00,2019-12-21T09:00:00+09:00,8342000.0,8342000.0,8260000.0,8295000.0,952.39697702,7904936683.07831,1576972767899,8338000.0,FALL,43000.0,-43000.0,0.005157112,-0.005157112
381,CRIX.UPBIT.KRW-BTC,2019-12-20T00:00:00+00:00,2019-12-20T09:00:00+09:00,8329000.0,8395000.0,8241000.0,8338000.0,2315.68010263,19260477837.46148,1576886394380,8328000.0,RISE,10000.0,10000.0,0.0012007685,0.0012007685
382,CRIX.UPBIT.KRW-BTC,2019-12-19T00:00:00+00:00,2019-12-19T09:00:00+09:00,8466000.0,8590000.0,8210000.0,8328000.0,4444.33915592,37094382370.39195,1576799988235,8466000.0,FALL,138000.0,-138000.0,0.0163004961,-0.0163004961
383,CRIX.UPBIT.KRW-BTC,2019-12-18T00:00:00+00:00,2019-12-18T09:00:00+09:00,7741000.0,8668000.0,7546000.0,8466000.0,7394.86247818,58866546299.65807,1576713597437,7742000.0,RISE,724000.0,724000.0,0.0935158874,0.0935158874
384,CRIX.UPBIT.KRW-BTC,2019-12-17T00:00:00+00:00,2019-12-17T09:00:00+09:00,8058000.0,8108000.0,7700000.0,7742000.0,4587.86377499,36267738374.63466,1576627198673,8050000.0,FALL,308000.0,-308000.0,0.0382608696,-0.0382608696
385,CRIX.UPBIT.KRW-BTC,2019-12-16T00:00:00+00:00,2019-12-16T09:00:00+09:00,8319000.0,8347000.0,8017000.0,8050000.0,2333.04536211,19139495161.41346,1576540799004,8319000.0,FALL,269000.0,-269000.0,0.0323356173,-0.0323356173
386,CRIX.UPBIT.KRW-BTC,2019-12-15T00:00:00+00:00,2019-12-15T09:00:00+09:00,8277000.0,8440000.0,8190000.0,8319000.0,1911.20234202,15864899581.16213,1576454397150,8277000.0,RISE,42000.0,42000.0,0.0050743023,0.0050743023
387,CRIX.UPBIT.KRW-BTC,2019-12-14T00:00:00+00:00,2019-12-14T09:00:00+09:00,8490000.0,8520000.0,8200000.0,8277000.0,2408.92097104,20194039087.57045,1576368000070,8490000.0,FALL,213000.0,-213000.0,0.0250883392,-0.0250883392
388,CRIX.UPBIT.KRW-BTC,2019-12-13T00:00:00+00:00,2019-12-13T09:00:00+09:00,8438000.0,8577000.0,8430000.0,8490000.0,2163.02130941,18349093540.30931,1576281599623,8437000.0,RISE,53000.0,53000.0,0.0062818537,0.0062818537
389,CRIX.UPBIT.KRW-BTC,2019-12-12T00:00:00+00:00,2019-12-12T09:00:00+09:00,8490000.0,8566000.0,8360000.0,8437000.0,2457.07047864,20772768614.45036,1576195188494,8490000.0,FALL,53000.0,-53000.0,0.0062426384,-0.0062426384
390,CRIX.UPBIT.KRW-BTC,2019-12-11T00:00:00+00:00,2019-12-11T09:00:00+09:00,8539000.0,8592000.0,8419000.0,8490000.0,1897.01475656,16156817415.65165,1576108759722,8537000.0,FALL,47000.0,-47000.0,0.0055054469,-0.0055054469
391,CRIX.UPBIT.KRW-BTC,2019-12-10T00:00:00+00:00,2019-12-10T09:00:00+09:00,8679000.0,8749000.0,8480000.0,8537000.0,2949.17212834,25451639641.20134,1576022398835,8679000.0,FALL,142000.0,-142000.0,0.016361332,-0.016361332
392,CRIX.UPBIT.KRW-BTC,2019-12-09T00:00:00+00:00,2019-12-09T09:00:00+09:00,8807000.0,8891000.0,8640000.0,8679000.0,3125.56191138,27444900233.5498,1575935996702,8807000.0,FALL,128000.0,-128000.0,0.0145338935,-0.0145338935
393,CRIX.UPBIT.KRW-BTC,2019-12-08T00:00:00+00:00,2019-12-08T09:00:00+09:00,8784000.0,8857000.0,8670000.0,8807000.0,2000.92140277,17561562887.79252,1575849588934,8784000.0,RISE,23000.0,23000.0,0.0026183971,0.0026183971
394,CRIX.UPBIT.KRW-BTC,2019-12-07T00:00:00+00:00,2019-12-07T09:00:00+09:00,8815000.0,8897000.0,8776000.0,8784000.0,1910.69581081,16856577567.12357,1575763199966,8813000.0,FALL,29000.0,-29000.0,0.0032905934,-0.0032905934
395,CRIX.UPBIT.KRW-BTC,2019-12-06T00:00:00+00:00,2019-12-06T09:00:00+09:00,8685000.0,8852000.0,8614000.0,8813000.0,3039.17313756,26463749586.85809,1575676796356,8685000.0,RISE,128000.0,128000.0,0.0147380541,0.0147380541
396,CRIX.UPBIT.KRW-BTC,2019-12-05T00:00:00+00:00,2019-12-05T09:00:00+09:00,8515000.0,8810000.0,8480000.0,8685000.0,3969.79229665,34354288789.64471,1575590388703,8515000.0,RISE,170000.0,170000.0,0.0199647681,0.0199647681
397,CRIX.UPBIT.KRW-BTC,2019-12-04T00:00:00+00:00,2019-12-04T09:00:00+09:00,8607000.0,8996000.0,8432000.0,8515000.0,5171.38101548,44778200122.78624,1575503999101,8607000.0,FALL,92000.0,-92000.0,0.0106889741,-0.0106889741
398,CRIX.UPBIT.KRW-BTC,2019-12-03T00:00:00+00:00,2019-12-03T09:00:00+09:00,8590000.0,8700000.0,8520000.0,8607000.0,1641.81595301,14144230521.27084,1575417583252,8585000.0,RISE,22000.0,22000.0,0.0025626092,0.0025626092
399,CRIX.UPBIT.KRW-BTC,2019-12-02T00:00:00+00:00,2019-12-02T09:00:00+09:00,8630000.0,8705000.0,8415000.0,8585000.0,1837.43925831,15714767986.39316,1575331198096,8630000.0,FALL,45000.0,-45000.0,0.0052143685,-0.0052143685
